,species,idist,tech,coverage,evalue,evalue_stdev,pident,scale_pident,pident_stdev,qmark,xmark,dmark,slen,mlen,mlen_r_slen,mlen_r_avgmlen,mlen_average,method
0,A. thaliana,0,Illumina,5.0,0.028301886792453296,0.20408780804513138,89.15884905660378,32.24678836495184,10.278952469196874,127394,0,7567,170210,35249,0.2070912402326537,0.2816044460224035,125172.0294117647,r2t
1,A. thaliana,1,Illumina,5.0,0.027272727272727722,0.20041279713680535,88.62054545454545,31.636530944227296,10.530368940818363,130365,0,7748,171965,33852,0.1968540109906085,0.2695441437059171,125589.81818181818,r2t
2,A. thaliana,2,Illumina,5.0,0.026315789473684643,0.19692933614599686,88.18349122807017,30.57076351459186,11.125580175879506,132351,0,7348,171469,31770,0.1852813044923572,0.2507869778447328,126681.21875,r2t
3,A. thaliana,3,Illumina,5.0,4.582519657407408e-16,3.32986585398341e-15,87.82766666666666,29.253639044146276,11.446693357245787,152572,0,3976,171665,15117,0.0880610491363993,0.1172850537823696,128891.10344827586,r2t
4,A. thaliana,4,Illumina,5.0,8.445583333347938e-19,6.147632729175812e-18,88.3266111111111,30.199513904458733,11.449845340078982,152978,0,3930,172308,15400,0.0893748404020707,0.1185063075110426,129950.88888888888,r2t
5,A. thaliana,5,Illumina,5.0,9.41309534704399e-19,6.446342454511531e-18,88.20904081632654,29.217502531959873,11.813563050896953,157604,0,3167,172262,11491,0.0667065284276276,0.0909480388358067,126346.8695652174,r2t
6,A. thaliana,6,Illumina,5.0,1.1829635897864246e-18,7.205859146830278e-18,89.4106923076923,28.733051390662695,11.206405419140697,158889,0,3043,172329,10397,0.0603322714110799,0.0828512532151251,125489.95454545454,r2t
7,A. thaliana,0,Illumina,10.0,9.68138087568835e-28,6.474461226635403e-27,92.93384782608696,36.580416262003915,10.127972362348512,106407,0,9634,171068,55027,0.3216674071129609,0.4400401910013364,125049.9411764706,r2t
8,A. thaliana,1,Illumina,10.0,3.326923085722183e-19,2.3758983039881592e-18,93.56319230769229,34.86427211887833,9.512608204253613,108987,0,9625,171049,52437,0.3065612777625125,0.419160874529891,125099.9393939394,r2t
9,A. thaliana,2,Illumina,10.0,1.2096153854952954e-18,6.654329406479837e-18,92.83005769230769,34.47233621772617,9.782415635708213,110556,0,9990,171519,50973,0.297185734525038,0.4035792091150327,126302.34375,r2t
10,A. thaliana,3,Illumina,10.0,8.60389337595286e-19,6.204267703966551e-18,91.72967924528304,32.64927138756691,11.291615977692585,136492,0,8028,171725,27205,0.1584218954724122,0.2105307398976893,129221.03448275862,r2t
11,A. thaliana,4,Illumina,10.0,8.94130095932353e-19,6.322364754210808e-18,91.10511764705883,33.10062638600639,11.508954794278559,136896,0,7571,171837,27370,0.1592788514697067,0.21118531433459,129601.81481481482,r2t
12,A. thaliana,5,Illumina,10.0,1.3709206000910362e-18,7.216183478006818e-18,91.70583636363637,33.568816933194974,9.70220701745674,143258,0,7527,171955,21170,0.1231136053037131,0.166921551910028,126826.04347826086,r2t
13,A. thaliana,6,Illumina,10.0,3.580912000000095e-15,2.5059870527108776e-14,90.88858,33.25088323545815,9.709258412649238,149603,0,6160,172425,16662,0.0966333188342757,0.132278227268807,125961.77272727272,r2t
14,A. thaliana,0,Illumina,20.0,9.230769230774086e-10,5.690228310432821e-09,91.71507692307692,35.52502697312203,9.771555027770631,82686,0,11798,171039,76555,0.447587977011091,0.6106596039640662,125364.4411764706,r2t
15,A. thaliana,1,Illumina,20.0,6.805119076476197e-22,3.188271220093424e-21,92.72959523809524,37.46804299387202,9.262905381038529,86461,0,11727,171056,72868,0.425989149752128,0.5802520524779948,125579.90909090907,r2t
16,A. thaliana,2,Illumina,20.0,6.971097590536593e-22,3.2251250313022234e-21,92.85236585365854,36.95172393893393,9.786263256457374,87370,0,11776,171454,72308,0.421734109440433,0.5718668016099274,126442.03125,r2t
17,A. thaliana,3,Illumina,20.0,8.750012577522089e-13,6.9450970330861245e-12,91.55921875,34.22923750266425,9.743269650553577,120900,0,11136,172020,39984,0.2324380885943495,0.3095120964889685,129183.96551724138,r2t
18,A. thaliana,4,Illumina,20.0,8.358220969918115e-13,6.790240906733822e-12,92.19308955223882,35.098229029277064,9.550996218620329,119924,0,10768,171897,41205,0.2397074992582767,0.3183207954650799,129444.88888888888,r2t
19,A. thaliana,5,Illumina,20.0,6.985629828753235e-19,5.487948865089797e-18,91.87075,35.897616312817036,9.088816137194948,130067,0,10417,171637,31153,0.1815051533177578,0.2468559856596495,126199.08695652174,r2t
20,A. thaliana,6,Illumina,20.0,8.001529294339322e-19,5.884735593158918e-18,91.14776271186442,33.05499587359984,9.239904136524844,134825,0,8553,172514,29136,0.1688906407595905,0.2322061233627633,125474.72727272728,r2t
21,A. thaliana,0,ONT,5.0,0.0005824839139139476,0.004534770987534694,80.48127419354839,27.8617011580864,12.219358331668694,91733,0,9456,170941,69752,0.4080472209709783,0.5568691116859794,125257.4411764706,r2t
22,A. thaliana,1,ONT,5.0,0.0005556000483293606,0.004430572204943683,79.63886153846154,28.7055955851055,12.526843289361171,101760,0,9515,171892,60617,0.3526458473925488,0.4825659868297735,125613.90909090907,r2t
23,A. thaliana,2,ONT,5.0,5.0847508212308875e-05,0.00038724269365608026,80.62725423728813,28.205463872414075,12.318116843190035,107281,0,8855,171586,55450,0.3231615632977049,0.4377456984651516,126671.71875,r2t
24,A. thaliana,3,ONT,5.0,0.0005142859796805223,0.004271977954694293,81.53954285714288,25.049242884179435,9.672524712054559,153413,0,4752,171998,13833,0.0804253537831835,0.1075486493985933,128620.86206896552,r2t
25,A. thaliana,4,ONT,5.0,4.4529021207579344e-10,2.6947723196937395e-09,82.46098717948718,26.67942351964349,9.611942204140279,156092,0,3873,172616,12651,0.0732898456689994,0.0972258315915853,130119.74074074074,r2t
26,A. thaliana,5,ONT,5.0,1.4369910987156849e-06,1.2019578735681475e-05,80.78094366197185,26.487196073340918,11.621639960741673,159752,0,3532,172444,9160,0.0531186936048804,0.0723266219162572,126647.69565217392,r2t
27,A. thaliana,6,ONT,5.0,1.594162000137495e-06,1.2649946767169224e-05,81.292296875,27.92302585510785,11.123193424495515,164123,0,2257,172713,6333,0.0366677667575689,0.0505243873384056,125345.40909090907,r2t
28,A. thaliana,0,ONT,10.0,2.062062531512719e-09,8.015935955403546e-09,89.56734374999999,29.264387068754708,9.657485702841395,68252,0,11503,171180,91425,0.534086926042762,0.7334034857575636,124658.5294117647,r2t
29,A. thaliana,1,ONT,10.0,5.314345830293297e-12,3.0987334046510977e-11,88.87308571428572,28.615944932121973,11.819294480688113,75112,0,11783,171740,84845,0.4940316757889833,0.6762703414774118,125460.18181818182,r2t
30,A. thaliana,2,ONT,10.0,4.325983929308503e-12,2.80329093744757e-11,88.00197674418605,32.709865458415145,12.059933212604555,77855,0,12052,171511,81604,0.4757945554512539,0.6447825348351184,126560.5,r2t
31,A. thaliana,3,ONT,10.0,3.462064658672389e-08,2.740729450673395e-07,84.373765625,26.67614408227896,11.274026796610578,138087,0,7587,171793,26119,0.152037626678619,0.2039506243312275,128065.31034482758,r2t
32,A. thaliana,4,ONT,10.0,3.095724132922383e-08,2.586102107607121e-07,82.932875,28.158057511436617,11.375115803974017,139082,0,7384,172128,25662,0.1490867261572783,0.1987395954669953,129123.74074074074,r2t
33,A. thaliana,5,ONT,10.0,7.24243903179578e-11,6.360723215339038e-10,81.72843037974684,25.812696543840996,12.06668902149034,147661,0,6556,171844,17627,0.1025755918158329,0.1396341320607332,126237.04347826086,r2t
34,A. thaliana,6,ONT,10.0,2.3980533831590597e-10,1.5251145938990119e-09,81.6255945945946,26.333864165401973,11.685572114640227,152269,0,5607,172344,14468,0.0839483823051571,0.1151811203359292,125610.86363636365,r2t
35,A. thaliana,0,ONT,20.0,1.3835833682225455e-12,6.618854627483858e-12,90.10915151515151,31.979853105638217,10.916558293576012,52367,0,10706,171187,108114,0.631554966206546,0.8627395203888937,125314.76470588236,r2t
36,A. thaliana,1,ONT,20.0,2.772764270528485e-13,1.1807031931838593e-12,90.89612121212122,29.478648398912735,10.136538186656727,57477,0,11026,171757,103254,0.6011632713659414,0.822298664391099,125567.51515151517,r2t
37,A. thaliana,2,ONT,20.0,2.7727207584072734e-13,1.1807042146793016e-12,89.05539393939394,30.893115808763227,12.769118120374818,57843,0,11390,171534,102301,0.5963890540650834,0.8122493225739139,125947.78125,r2t
38,A. thaliana,3,ONT,20.0,1.1006767315098568e-09,9.960849769124864e-09,86.01213253012048,25.626680940161044,12.568097834406242,121505,0,10477,171746,39764,0.2315279540717105,0.3108274898213051,127929.4827586207,r2t
39,A. thaliana,4,ONT,20.0,9.930024754148786e-10,9.466746424191651e-09,85.5123260869565,28.330799468636368,12.69044476908298,121978,0,10346,171583,39259,0.2288047184161601,0.3062087409884483,128209.92592592593,r2t
40,A. thaliana,5,ONT,20.0,1.2524047242176122e-12,9.202497283482273e-12,84.88296666666666,28.960638437977074,11.672209891161714,128302,0,11937,171848,31609,0.1839358037335319,0.2500489258833916,126411.26086956522,r2t
41,A. thaliana,6,ONT,20.0,1.0635801794713529e-10,9.61696718000227e-10,84.54481176470588,31.023451343596186,11.176906312460023,139440,0,8551,172507,24516,0.1421159721054797,0.195251781007486,125560.95454545454,r2t
42,A. thaliana,0,PacBIO,5.0,7.828163639020638e-07,4.990608580158597e-06,84.48518181818181,31.43289808222163,12.77597682846551,82592,0,10188,171718,78938,0.4596955473508892,0.6326804879756404,124767.5588235294,r2t
43,A. thaliana,1,PacBIO,5.0,7.17420333164711e-07,4.783063968369165e-06,83.2215,29.90758854894139,13.338732546922639,89794,0,11338,172207,71075,0.4127300283960582,0.5646708491194484,125869.78787878789,r2t
44,A. thaliana,2,PacBIO,5.0,6.817606914489187e-07,4.689034764617621e-06,83.75820000000002,28.201724708320906,12.940674840208295,95892,0,10682,171923,65349,0.3801062103383491,0.5177140022093298,126226.0625,r2t
45,A. thaliana,3,PacBIO,5.0,0.00010754567856177406,0.0009760804284176259,83.74961904761905,24.440226835111524,11.148637021013098,156416,0,2780,171193,11997,0.0700787999509325,0.0936629514276538,128086.93103448275,r2t
46,A. thaliana,4,PacBIO,5.0,4.0853252034917853e-07,3.654527998902042e-06,83.71863855421688,25.504635816830202,11.34372320742649,156608,0,3160,171740,11972,0.0697100267846745,0.0927627897366435,129060.37037037036,r2t
47,A. thaliana,5,PacBIO,5.0,4.2414076856139996e-07,3.745103624988893e-06,82.85449367088607,26.99141227559495,12.010219271887618,159544,0,3271,171917,9102,0.0529441532832704,0.0723241704844723,125850.04347826086,r2t
48,A. thaliana,6,PacBIO,5.0,4.727450103711235e-07,3.947517376234427e-06,81.95743661971831,25.971116966058513,12.187018038409484,161329,0,3229,172310,7752,0.0449886831872787,0.0616655379300694,125710.40909090907,r2t
49,A. thaliana,0,PacBIO,10.0,5.399614288898393e-09,2.396002110861779e-08,85.79682142857145,30.42061430386193,11.249088436254898,61284,0,9815,170921,99822,0.5840241983138409,0.7978517383513977,125113.4705882353,r2t
50,A. thaliana,1,PacBIO,10.0,1.0914907302576506e-08,3.7596464526555044e-08,83.7498275862069,28.456379451927404,13.847256860348926,69627,0,11399,171801,90775,0.5283729431144173,0.7254135637679587,125135.51515151517,r2t
51,A. thaliana,2,PacBIO,10.0,3.2353442928217654e-06,1.7666765690910022e-05,86.20087096774195,30.13766050212846,12.554721881895183,71143,0,11134,171790,89513,0.5210605972408173,0.7081476075553123,126404.4375,r2t
52,A. thaliana,3,PacBIO,10.0,1.9524532086375213e-09,1.4586660733739903e-08,85.02782051282051,22.996762369979663,12.559183099295531,135782,0,8935,171912,27195,0.1581914002512913,0.2120176538223826,128267.62068965516,r2t
53,A. thaliana,4,PacBIO,10.0,1.906719971262591e-09,1.7593669112318622e-08,85.42943181818181,24.44884660218709,12.147795847391274,137482,0,8456,172121,26183,0.152119729725019,0.2023436035337236,129398.70370370372,r2t
54,A. thaliana,5,PacBIO,10.0,1.3005315285903488e-08,1.0843124966785753e-07,83.9749247311828,25.707452070967353,12.135671606401544,145838,0,6531,171261,18892,0.1103111624946718,0.1505307876956611,125502.56521739133,r2t
55,A. thaliana,6,PacBIO,10.0,3.718449014510659e-08,3.38383067731519e-07,84.23301190476191,26.533314715288043,11.8498184248637,154132,0,4535,172132,13465,0.0782248506959775,0.1075157201317496,125237.5,r2t
56,A. thaliana,0,PacBIO,20.0,3.2409111332315583e-07,1.4851710783891908e-06,91.50099999999999,32.80126474503322,9.004213064398849,52886,0,9575,170345,107884,0.6333264844873638,0.8618937405570267,125170.88235294116,r2t
57,A. thaliana,1,PacBIO,20.0,3.565000555004312e-07,1.5539474606395972e-06,89.29775,34.305326274946175,12.935677210239131,55785,0,11102,171449,104562,0.6098723235481105,0.8343727489102277,125318.09090909093,r2t
58,A. thaliana,2,PacBIO,20.0,2.546428967981136e-07,1.3231630914361546e-06,88.70110714285715,33.02310216929221,13.26274873562169,58908,0,10578,171792,102306,0.5955224923162895,0.8116735694708043,126043.28125,r2t
59,A. thaliana,3,PacBIO,20.0,3.5985411444145513e-07,2.2859065573950612e-06,87.36430000000003,26.430325006678725,12.270689723716195,121772,0,10198,171234,39264,0.229300255790322,0.3082645822876514,127371.10344827586,r2t
60,A. thaliana,4,PacBIO,20.0,9.100997482161073e-08,7.97036613295152e-07,86.9051012658228,28.403327534173886,13.487046646896719,123326,0,9554,171908,39028,0.2270284105451753,0.3028946648300982,128850.07407407407,r2t
61,A. thaliana,5,PacBIO,20.0,9.337453905451414e-08,8.071845904085133e-07,86.25009090909091,30.010506520664574,13.049485730208083,132256,0,10084,171491,29151,0.1699855969117913,0.2318790708001481,125716.39130434782,r2t
62,A. thaliana,6,PacBIO,20.0,9.506694462675181e-08,8.177943564112627e-07,86.04737333333333,31.668826494624792,12.386321362721953,144799,0,6520,171928,20609,0.1198699455586059,0.1641553276857472,125545.72727272728,r2t
63,M. musculus,0,Illumina,5.0,1.5629657058863383e-12,8.799121446069532e-12,86.8020588235294,32.22524192410952,14.397344605948076,195706,0,8304,318211,114201,0.3588845137345975,0.4517444620253164,252800.0,r2t
64,M. musculus,1,Illumina,5.0,1.4362387567604187e-12,8.445642848075151e-12,88.05683783783783,31.43871943286111,13.361171737161365,198303,0,9073,316336,108960,0.3444438824540994,0.4335999925351158,251291.5172413793,r2t
65,M. musculus,2,Illumina,5.0,5.3021321219272175e-14,4.3713663621985906e-13,90.8067323943662,30.600163230257102,12.423569909433617,240467,0,14737,313326,58122,0.1855000861722295,0.234323809888572,248041.375,r2t
66,M. musculus,3,Illumina,5.0,0.05890002242340427,0.555555496400484,90.54182222222222,28.241494981778548,12.388383804173415,275212,0,9457,314897,30228,0.0959932930450274,0.1215200643072362,248749.04545454544,r2t
67,M. musculus,4,Illumina,5.0,0.05825369186010455,0.5525285848721304,89.54543956043956,27.669029144588556,12.573419126556681,291801,0,6131,314620,16688,0.0530417646684889,0.0668816612472713,249515.3333333333,r2t
68,M. musculus,5,Illumina,5.0,0.06093174785363728,0.5649432687070721,89.126,27.88186507978305,11.894086165029636,296843,0,5278,315061,12940,0.0410714115679185,0.0510086326394937,253682.55,r2t
69,M. musculus,6,Illumina,5.0,0.062365412745332804,0.5714727949214349,89.74260000000001,27.71497031100183,11.116238373711516,299863,0,4352,315303,11088,0.0351661734902617,0.0436042648858914,254287.05263157896,r2t
70,M. musculus,0,Illumina,10.0,1.2634875421963921e-12,6.033729042083861e-12,87.33541666666666,25.643785208221683,12.195643159603716,164469,0,6968,318387,146950,0.4615452264068571,0.5803861473537038,253193.5,r2t
71,M. musculus,1,Illumina,10.0,1.0829893218826219e-12,5.60361694974451e-12,89.0077142857143,25.711707309286876,12.019636400660447,168021,0,8270,317286,140995,0.4443782581015235,0.5582194067100925,252579.89655172412,r2t
72,M. musculus,2,Illumina,10.0,4.298481507729232e-09,3.479832758626464e-08,90.87677611940298,27.428308988027045,11.340830132058493,223223,0,15008,313301,75070,0.2396098320784166,0.3028053461190754,247915.04166666663,r2t
73,M. musculus,3,Illumina,10.0,0.12574355766127104,0.9658936526487595,92.21466666666667,26.409054691042044,9.950458571549705,271065,0,9647,314532,33820,0.1075248305418844,0.1361337566670393,248432.13636363635,r2t
74,M. musculus,4,Illumina,10.0,0.13336369145847923,0.9942217272683239,92.71584848484848,26.181547175021414,9.20707602864477,284610,0,8034,314642,21998,0.0699143788813953,0.0881314155058621,249604.52380952385,r2t
75,M. musculus,5,Illumina,10.0,0.1269519723864369,0.9704472673104851,92.84902884615384,27.411328676883297,8.5154310896982,290829,0,6654,314674,17191,0.0546311420708415,0.0678361239296652,253419.55,r2t
76,M. musculus,6,Illumina,10.0,0.13469392794488944,0.9991937539935885,92.17524489795919,28.52313692129995,8.85338311798956,294382,0,5730,315200,15088,0.0478680203045685,0.0593682862448034,254142.4210526316,r2t
77,M. musculus,0,Illumina,20.0,2.0200001713670799e-07,7.558147875483608e-07,90.17699999999999,22.822680313705007,10.01805349024117,143019,0,5193,318665,170453,0.5348971490436666,0.6722863301687503,253542.26666666663,r2t
78,M. musculus,1,Illumina,20.0,1.8937501606566373e-07,7.334462170398956e-07,89.627125,23.467884107300698,9.930974082856876,146051,0,5837,317065,165177,0.520956270796209,0.6534407474608939,252780.37931034484,r2t
79,M. musculus,2,Illumina,20.0,0.0016875670877345254,0.011568907360524941,91.6131875,24.955555881762493,9.405519369533884,197186,0,18458,313076,97432,0.3112087799767468,0.3932550389014002,247757.79166666663,r2t
80,M. musculus,3,Illumina,20.0,0.08510982976172249,0.6020203351490168,91.70499019607844,24.969472540522183,9.81260527806154,247025,0,15129,313890,51736,0.1648220714262958,0.2084325113052816,248214.63636363635,r2t
81,M. musculus,4,Illumina,20.0,0.07357012487885599,0.5604770862610613,90.29772033898304,25.224186205171048,10.576764912533985,269897,0,12649,313750,31204,0.0994549800796812,0.1252152817202435,249202.80952380956,r2t
82,M. musculus,5,Illumina,20.0,0.07419892930809383,0.5628257442742051,89.8424358974359,25.708979070248287,10.35487147124781,278413,0,11067,314349,24869,0.0791127059414854,0.0981345013663223,253417.5,r2t
83,M. musculus,6,Illumina,20.0,0.07963035175012259,0.5854340963784997,90.38479629629629,26.570819822083863,9.40590006892764,286989,0,7838,314963,20136,0.0639313189168251,0.0793159059090748,253870.8947368421,r2t
84,M. musculus,0,ONT,5.0,0.1102655,0.4754436355680789,83.53979487179488,28.99231932377519,11.212201037787745,187597,0,4702,318414,126115,0.3960724088764941,0.4977930248322204,253348.26666666663,r2t
85,M. musculus,1,ONT,5.0,0.010488673658536583,0.1501616615020834,96.02077804878049,86.26046582199842,7.457070055438213,188262,0,6353,317056,122441,0.3861809901090028,0.4861669679547502,251849.6896551724,r2t
86,M. musculus,2,ONT,5.0,0.0651565909109699,0.36947556904187184,86.38695454545454,29.824868601611847,10.168403482195313,204191,0,12682,313333,96460,0.3078513913312674,0.3874769610012432,248943.8333333333,r2t
87,M. musculus,3,ONT,5.0,0.040190046728979446,0.29190270827674114,88.78293457943924,30.513943153079246,8.350843723975572,235680,0,13901,314313,64732,0.2059475745514821,0.2610568952483049,247961.27272727276,r2t
88,M. musculus,4,ONT,5.0,0.03613726890756923,0.27705834336782853,89.1201680672269,31.118436779926135,8.62837767580275,260771,0,12227,314058,41060,0.1307401817498678,0.1648909896270476,249013.0,r2t
89,M. musculus,5,ONT,5.0,0.036443516959071394,0.2782097852018064,88.21083898305085,31.904035503093915,9.569193253609262,272040,0,10601,314741,32100,0.1019886192138933,0.1268711769435943,253012.55,r2t
90,M. musculus,6,ONT,5.0,0.01666666667120332,0.1890237396732365,90.45211627906977,49.0937685278369,8.163213773892126,277059,0,9560,315082,28463,0.0903352143251598,0.1121314782050487,253835.94736842104,r2t
91,M. musculus,0,ONT,10.0,0.11494285714285772,0.46959295096054904,87.39525714285713,30.996208594860764,11.533306742629877,180975,0,4299,318400,133126,0.4181092964824121,0.5257363709423165,253218.16666666663,r2t
92,M. musculus,1,ONT,10.0,0.009465882352941223,0.13841495800921239,96.9277694117647,87.9187751378412,6.2425598869472765,180176,0,5738,317017,131103,0.4135519546270389,0.5200586428994586,252092.72413793104,r2t
93,M. musculus,2,ONT,10.0,0.009933333333333383,0.1417750539619926,94.76210617283951,77.20784038419086,7.178299000413999,194191,0,11996,313662,107475,0.3426459054651185,0.4321323959575165,248708.5,r2t
94,M. musculus,3,ONT,10.0,0.04470000000000103,0.2981554572142971,89.0863111111111,30.382205187343693,9.366905756906357,225546,0,15163,314349,73640,0.234261919077204,0.2974127288197979,247602.04545454544,r2t
95,M. musculus,4,ONT,10.0,0.03868269230776199,0.2777815364780941,88.62779807692307,30.29948840269342,10.042892289861797,248101,0,14346,313765,51318,0.16355552722579,0.2063948667014719,248639.9047619048,r2t
96,M. musculus,5,ONT,10.0,0.033525000000060395,0.258934643056884,88.08543333333334,29.98305443166677,9.562414037725459,263870,0,11525,314144,38749,0.1233478914128552,0.1533584082450774,252669.55,r2t
97,M. musculus,6,ONT,10.0,0.013986013986038544,0.16854017329462118,90.55883216783216,51.130377482682924,8.154942882656188,269933,0,10680,314582,33969,0.1079813848217634,0.1341193471445783,253274.4210526316,r2t
98,M. musculus,0,ONT,20.0,0.09750530847500048,0.4321373808672398,85.14885,28.33903895208541,10.684648900525463,173752,0,4689,318832,140391,0.4403290761278667,0.5536435022378516,253576.53333333333,r2t
99,M. musculus,1,ONT,20.0,0.09750530847500048,0.4321373808672398,85.27765000000001,28.819354107901738,10.769619349238857,172722,0,6622,317191,137847,0.4345867316537985,0.5476073940833032,251725.9655172414,r2t
100,M. musculus,2,ONT,20.0,0.07222615442592628,0.37437114448032854,86.21685185185187,30.390040153705446,11.479239083711738,184527,0,13428,314187,116232,0.3699452873607119,0.4658928641215958,249482.25,r2t
101,M. musculus,3,ONT,20.0,0.020629384022722613,0.20169849318548191,91.57617277486911,52.93190468457785,8.145660096315327,212026,0,17437,314105,84642,0.2694704000254692,0.3415792383547029,247796.0909090909,r2t
102,M. musculus,4,ONT,20.0,0.039798085187213776,0.2802109092993547,87.962,30.91200687877631,9.706435145020535,238452,0,16259,314231,59520,0.1894147935754269,0.2394348821866669,248585.3333333333,r2t
103,M. musculus,5,ONT,20.0,0.03451515352519778,0.2613000786902677,87.5210884955752,29.16756852442692,9.555376398450369,253734,0,13774,314489,46981,0.1493883728842662,0.1860152970371023,252565.25,r2t
104,M. musculus,6,ONT,20.0,0.03333333631920874,0.25687137984572866,87.99394017094016,29.652416517669607,8.913859677314191,260226,0,12881,314775,41668,0.1323739178778492,0.1648237188662295,252803.4210526316,r2t
105,M. musculus,0,PacBIO,5.0,0.13176348009048164,0.7877851964164431,78.49074074074075,26.46298194876117,14.854855066404914,174174,0,8545,318032,135313,0.4254697640489007,0.5362740893926219,252320.6,r2t
106,M. musculus,1,PacBIO,5.0,0.11476175414332272,0.7365314187193487,78.7906451612903,26.094878035319606,14.494494902789567,179964,0,9167,316152,127021,0.4017719324881702,0.50501961066039,251516.9655172414,r2t
107,M. musculus,2,PacBIO,5.0,0.01917861870277194,0.3296358314738966,89.56710738255033,59.16182492969177,10.29828782611667,217395,0,11702,313143,84046,0.2683949505497488,0.338272494380304,248456.5,r2t
108,M. musculus,3,PacBIO,5.0,0.00015409118058212954,0.0014997996685053353,84.07489898989898,26.635652575578696,12.866665962863028,257247,0,10998,314002,45757,0.1457220017706893,0.1837898255350085,248963.7272727273,r2t
109,M. musculus,4,PacBIO,5.0,0.00014955958507991253,0.0014778084845515611,84.43401960784314,26.453087288405747,11.659350895883573,275271,0,10498,314104,28335,0.0902089753712146,0.113556146012782,249524.14285714287,r2t
110,M. musculus,5,PacBIO,5.0,0.00016550165984072874,0.0015552169632886154,85.2110652173913,26.826646938848576,9.812652332580347,281092,0,9221,314429,24116,0.0766977600666605,0.0952681559986426,253138.1,r2t
111,M. musculus,6,PacBIO,5.0,0.00018998815875651302,0.0016664031661229562,84.5006875,27.754531958615758,9.400474686942344,287806,0,7605,315060,19649,0.0623658985590046,0.0774807984778248,253598.31578947368,r2t
112,M. musculus,0,PacBIO,10.0,0.1773087030823701,0.7388339362646883,78.54259615384616,23.043355795138105,15.488772554361901,135092,0,8212,317626,174322,0.5488278667363503,0.6891492393696101,252952.46666666667,r2t
113,M. musculus,1,PacBIO,10.0,0.020087198823485516,0.2549514949814681,93.60466013071895,78.69594021117175,10.280053709389419,139217,0,9420,315139,166502,0.5283446352244565,0.6630491545795707,251115.6206896552,r2t
114,M. musculus,2,PacBIO,10.0,0.10719795673468482,0.5810181964365199,83.09596511627906,24.854632490279077,12.697191918493719,173745,0,17488,313113,121880,0.3892524424089705,0.4913783024306857,248037.0,r2t
115,M. musculus,3,PacBIO,10.0,0.07281196632779319,0.47993980974522604,82.74108547008545,25.484039093125595,13.489480639532378,229387,0,16163,313428,67878,0.2165664841686128,0.2736032741897569,248089.13636363635,r2t
116,M. musculus,4,PacBIO,10.0,0.03166918277942718,0.3185733469086887,86.17651672862453,42.449097577342975,11.558898042944763,258334,0,14228,313450,40888,0.1304450470569468,0.1644966494254338,248564.3333333333,r2t
117,M. musculus,5,PacBIO,10.0,0.07099166692126399,0.47403891355148653,84.877575,26.476198338150816,10.669498595421828,267903,0,11955,313970,34112,0.1086473229926426,0.1349670337322626,252743.2,r2t
118,M. musculus,6,PacBIO,10.0,0.07407826093609288,0.483998313817748,84.99793913043477,27.658555956194196,10.272036758608682,274774,0,10934,314590,28882,0.0918083855176579,0.1140750441742022,253184.2105263158,r2t
119,M. musculus,0,PacBIO,20.0,0.017247732206662963,0.31558448199359607,94.8581889908257,83.51251305811785,9.448028677598456,108785,0,6166,318406,203455,0.6389797930943513,0.8048595522619709,252783.2333333333,r2t
120,M. musculus,1,PacBIO,20.0,0.12876731578665593,0.8539209117896892,81.48687671232877,23.469403176025697,12.16575093363828,111852,0,8934,315372,194586,0.6170046801872074,0.7755661893463783,250895.41379310345,r2t
121,M. musculus,2,PacBIO,20.0,0.10974479422017903,0.7594079268030386,82.12135106382979,24.924638594773807,12.829505728118212,154432,0,15868,312972,142672,0.4558618662372353,0.5747471517593,248234.375,r2t
122,M. musculus,3,PacBIO,20.0,0.024609225161926047,0.1920828131095114,85.78854135338347,27.075024768268225,10.733526994983954,210061,0,17078,313138,85999,0.2746361029322535,0.3471448563157704,247732.31818181815,r2t
123,M. musculus,4,PacBIO,20.0,0.021253423116988,0.17870613564470164,85.10379220779221,25.591591619760706,11.313876438856203,245379,0,16250,313564,51935,0.1656280695488002,0.2087731687040188,248762.80952380956,r2t
124,M. musculus,5,PacBIO,20.0,0.017885294825289902,0.16411961301726088,85.43815846994536,33.42473284221909,10.524521879877675,257132,0,12712,314181,44337,0.141119291109265,0.1754553977159179,252696.7,r2t
125,M. musculus,6,PacBIO,20.0,0.012212971969894258,0.1358735558659986,87.26570522388059,41.786493837007555,9.977004510693108,264246,0,11889,314028,37893,0.1206675837823378,0.1501213849582737,252415.73684210525,r2t
126,S. cerevisiae,0,Illumina,5.0,0.019375045937500134,0.24430945048290176,91.26675625,28.54137418046933,9.385097113074321,483158,0,18875,561419,59386,0.1057783936774494,0.125218298090481,474259.76,r2t
127,S. cerevisiae,1,Illumina,5.0,0.02366412213740458,0.26981250517613187,90.1981603053435,27.9200987381457,9.049105204650708,519103,0,11263,565360,34994,0.0618968444884675,0.0730588904296712,478983.4583333333,r2t
128,S. cerevisiae,2,Illumina,5.0,0.03827160493827494,0.3423116409999676,89.49113580246913,30.855854521332255,10.02921017378501,559360,0,4803,576766,12603,0.0218511493395935,0.0260453020448031,483887.65,r2t
129,S. cerevisiae,3,Illumina,5.0,3.2628513514604426e-15,2.6905970898495843e-14,90.90081081081082,31.45252634625053,7.99683658515121,572261,0,2830,581858,6767,0.0116299853228794,0.0138626692967422,488145.5263157895,r2t
130,S. cerevisiae,4,Illumina,5.0,3.819672190328963e-15,2.958705309617375e-14,89.76927868852458,30.329544520373876,8.331937954034085,536826,0,3324,547475,7325,0.0133796063747203,0.0173225590563284,422859.0,r2t
131,S. cerevisiae,5,Illumina,5.0,4.8611111111211385e-11,2.8758721167843664e-10,90.58241666666667,31.743715523281512,8.79392808632752,501116,0,1663,506775,3996,0.0078851561343791,0.0101304759329367,394453.3333333333,r2t
132,S. cerevisiae,6,Illumina,5.0,1.1666666666666665e-10,4.3652669512362644e-10,89.52386666666665,32.7908873536774,12.162181563445854,356203,0,611,358254,1440,0.0040194945485605,0.0046729275241921,308158.0,r2t
133,S. cerevisiae,0,Illumina,10.0,8.240158241378598e-16,1.0158167249378896e-14,90.5858075117371,28.499988942356456,9.647685082992751,446230,0,25344,558439,86865,0.1555496661228889,0.1833902966064909,473661.92,r2t
134,S. cerevisiae,1,Illumina,10.0,1.282977732708212e-15,1.1893790519599572e-14,90.31356441717791,28.436717909352616,9.308895592594531,497662,0,15630,564440,51148,0.0906172489547161,0.1069861852041976,478080.4166666667,r2t
135,S. cerevisiae,2,Illumina,10.0,1.5185104454055073e-15,1.3672548404005366e-14,90.51155462184876,29.670137517385857,8.385033764905964,552063,0,5748,575990,18179,0.0315613118283303,0.0376271759323509,483134.85,r2t
136,S. cerevisiae,3,Illumina,10.0,8.427198641043047e-10,8.511038972763518e-09,91.30263106796117,30.34458553331493,7.564645223606643,567311,0,3780,581358,10267,0.017660374502458,0.0210459118996095,487838.2105263158,r2t
137,S. cerevisiae,4,Illumina,10.0,7.642891768503703e-21,4.91702755845498e-20,89.67709411764706,29.823829597008427,9.204608025809081,532773,0,4131,547324,10420,0.0190380834752358,0.0246717814216818,422344.8571428572,r2t
138,S. cerevisiae,5,Illumina,10.0,6.948643648243448e-19,5.2530677228255516e-18,88.55922033898307,30.730149714331,11.02944811697349,498659,0,2278,506659,5722,0.0112935919425096,0.0145241451433038,393964.6666666667,r2t
139,S. cerevisiae,6,Illumina,10.0,1.284615550313753e-22,6.642560966885513e-22,87.34285714285714,30.425247818298086,12.817669962411506,354974,0,724,358089,2391,0.0066771109975453,0.0077635667598554,307977.0,r2t
140,S. cerevisiae,0,Illumina,20.0,3.498019123491596e-15,5.3115815900718057e-14,91.23032765957447,28.8753783728815,9.137512904265467,408559,0,31809,555154,114786,0.2067642491993212,0.2443348691695398,469789.68,r2t
141,S. cerevisiae,1,Illumina,20.0,7.652695012000964e-11,1.0553701260958612e-09,89.81723316062177,29.557602468796453,8.51500540694785,471179,0,22236,562658,69243,0.1230640993285441,0.1452208974597493,476811.5416666667,r2t
142,S. cerevisiae,2,Illumina,20.0,1.0860074538763983e-10,1.2558418125603185e-09,90.72590441176472,30.667285819699746,7.936257041058162,540425,0,8148,575430,26857,0.046672922857689,0.0556945482612639,482219.55,r2t
143,S. cerevisiae,3,Illumina,20.0,4.757288307765032e-18,5.433421977482929e-17,91.28545864661655,31.753570036634937,7.47527708391954,558204,0,6049,580373,16120,0.027775241094951,0.0331074428834995,486899.5789473684,r2t
144,S. cerevisiae,4,Illumina,20.0,6.457334455991951e-18,6.321063786128109e-17,90.6464081632653,29.690290005163916,8.185715114481054,523602,0,6791,546711,16318,0.0298475794341068,0.0386484904466572,422215.7142857143,r2t
145,S. cerevisiae,5,Illumina,20.0,8.218475269492357e-18,7.120965844109318e-17,90.05981818181817,29.377755872394268,8.280787938115132,495539,0,3209,507259,8511,0.0167784110286855,0.0215831078136801,394336.1666666667,r2t
146,S. cerevisiae,6,Illumina,20.0,2.820946244467603e-21,1.674871534412945e-20,87.51392307692306,30.753717908161654,10.52067601509502,352853,0,1534,358344,3957,0.011042461991829,0.0128390551273076,308200.25,r2t
147,S. cerevisiae,0,ONT,5.0,1.1892984013679736e-06,1.0720960121143052e-05,82.81590960451977,22.18794158565675,10.58911095923935,471225,0,20438,561058,69395,0.123685964730919,0.146237587875314,474536.0,r2t
148,S. cerevisiae,1,ONT,5.0,0.004525448197729877,0.05057758308315805,81.31171428571429,23.304341579038624,10.483746630400356,512359,0,12226,565084,40499,0.0716689908049068,0.0846373569782742,478500.2916666667,r2t
149,S. cerevisiae,2,ONT,5.0,1.3301181628516247e-06,1.021855544489664e-05,80.04618095238095,25.606247720290312,11.593826218976533,558712,0,4746,576625,13167,0.022834597875569,0.0272217221362405,483694.6,r2t
150,S. cerevisiae,3,ONT,5.0,1.5119177700748237e-06,1.0735569699113411e-05,81.24949473684212,27.43471461257245,11.387182858370736,568476,0,4231,581430,8723,0.0150026658411158,0.0178858468633426,487704.0526315789,r2t
151,S. cerevisiae,4,ONT,5.0,6.219182433147721e-06,5.609421123608064e-05,80.45875280898878,23.997244189341053,11.130280838074222,535233,0,3808,547198,8157,0.0149068527297248,0.0192986784736539,422671.4285714286,r2t
152,S. cerevisiae,5,ONT,5.0,8.92753475343569e-06,6.70272929082622e-05,79.81641935483873,23.241528280888044,10.593496619652697,500266,0,1905,506750,4579,0.0090360138135175,0.0116125089131099,394316.1666666667,r2t
153,S. cerevisiae,6,ONT,5.0,4.770539347602839e-13,2.517805890994831e-12,80.80899999999998,27.42387664440392,10.83269761989773,354897,0,1046,358357,2414,0.0067362992769779,0.0078308802360293,308266.75,r2t
154,S. cerevisiae,0,ONT,10.0,0.003903045425674508,0.05618347785078489,82.64303301886794,24.934630332548828,12.405281680383741,421289,0,28026,558205,108890,0.1950717030481633,0.2302187367649068,472984.96,r2t
155,S. cerevisiae,1,ONT,10.0,0.005171496021606756,0.06462130518184835,81.56920625000001,25.288930624289783,12.783582408257512,481051,0,19851,563932,63030,0.1117687948192335,0.1318254980100512,478132.0833333333,r2t
156,S. cerevisiae,2,ONT,10.0,0.02676328083714162,0.32165506609331784,82.90861643835616,25.829162628165307,11.049319761657106,544489,0,7333,575791,23969,0.0416279518089028,0.0496661125186411,482602.7,r2t
157,S. cerevisiae,3,ONT,10.0,0.02791027861031512,0.32842663326648597,82.89699285714286,28.693591443139987,11.386727562320985,561930,0,4880,580769,13959,0.0240353737888902,0.0286679722604203,486919.6842105263,r2t
158,S. cerevisiae,4,ONT,10.0,4.884449482993455e-06,4.281491203447583e-05,82.20200000000001,24.671054504156192,10.273282114660699,524539,0,5928,545872,15405,0.0282209016033062,0.036532330273812,421681.28571428574,r2t
159,S. cerevisiae,5,ONT,10.0,5.5526893491662374e-06,4.560980687568656e-05,80.8742105263158,25.693036406601976,10.330746959180932,496567,0,3047,507012,7398,0.0145913706184469,0.0187669883989502,394202.8333333333,r2t
160,S. cerevisiae,6,ONT,10.0,2.791675994793917e-06,1.913870106552398e-05,81.7075,25.599907970389115,10.466026659705518,352917,0,1440,358432,4075,0.0113689625926256,0.0132285867324579,308045.0,r2t
161,S. cerevisiae,0,ONT,20.0,0.05115596987138898,0.6318515536576264,84.13772413793103,24.93121183004883,12.664578255829841,379730,0,34965,556277,141582,0.2545170841145688,0.3010376914787848,470313.2,r2t
162,S. cerevisiae,1,ONT,20.0,0.061677223701300354,0.6713835469400049,82.35654589371981,25.296095122000523,12.369501943685941,463193,0,22538,561271,75540,0.1345873918303279,0.1590954404153808,474809.3333333333,r2t
163,S. cerevisiae,2,ONT,20.0,0.0016450684645805734,0.013420600613014179,83.94368484848485,26.324524728301643,11.24706656963902,532580,0,9532,574510,32398,0.0563924039616368,0.0672021459550626,482097.7,r2t
164,S. cerevisiae,3,ONT,20.0,0.0010636702827647652,0.011199561338489428,83.77678048780487,27.060203734107624,11.457611150186917,555215,0,6195,579837,18427,0.031779620824473,0.0378946386326745,486269.3157894737,r2t
165,S. cerevisiae,4,ONT,20.0,0.0002739251502723915,0.0031609499812172087,82.79116911764706,25.907371265066498,11.031922532277134,517393,0,8154,546548,21001,0.0384248044087619,0.0497857958066777,421827.1428571429,r2t
166,S. cerevisiae,5,ONT,20.0,0.00036523352944227525,0.003645379380976631,83.60355882352941,26.45631793822613,9.814990595196447,490601,0,4716,506552,11235,0.0221793616450038,0.0285163140728707,393985.0,r2t
167,S. cerevisiae,6,ONT,20.0,0.0006065573770502003,0.004698373239661327,81.4197868852459,26.694719295445385,12.408170653024648,352104,0,1696,358777,4977,0.0138721266970848,0.0161380799673152,308401.0,r2t
168,S. cerevisiae,0,PacBIO,5.0,0.01021867119258897,0.11374861827256988,79.38848087431694,21.911861579908948,10.766010640069664,497655,0,14420,561587,49512,0.0881644340057729,0.1040776615436151,475721.68,r2t
169,S. cerevisiae,1,PacBIO,5.0,0.012723230112856598,0.1267893330954072,77.14172108843536,22.540297269115555,10.958988974534881,524298,0,10267,565282,30717,0.0543392501441758,0.064146013258033,478860.625,r2t
170,S. cerevisiae,2,PacBIO,5.0,0.018888934116378948,0.15412108609193456,78.43138383838384,24.877427339760285,9.547882276917758,562794,0,3524,576787,10469,0.0181505477758687,0.0216401246648121,483777.25,r2t
171,S. cerevisiae,3,PacBIO,5.0,0.01715600779586398,0.14698243614195472,78.78077981651376,31.582292894209697,9.867449877710749,573011,0,2608,581825,6206,0.0106664375026855,0.0127217395404167,487826.36842105264,r2t
172,S. cerevisiae,4,PacBIO,5.0,1.588153192798111e-05,0.00012498318314378308,75.9914126984127,24.90788940129261,9.735351443807353,537143,0,3061,546865,6661,0.0121803370118767,0.0157898497548064,421853.28571428574,r2t
173,S. cerevisiae,5,PacBIO,5.0,2.1740348042614292e-05,0.00014583033899001437,75.67617391304348,24.68157237272457,10.273162400589444,501396,0,1727,506414,3291,0.0064986355037577,0.0083510503097281,394082.1666666667,r2t
174,S. cerevisiae,6,PacBIO,5.0,3.4239578255357558e-15,1.9706517242133557e-14,81.51333333333335,30.07274130682964,9.618295459984349,357805,0,131,358614,678,0.0018906121902658,0.002197994573093,308463.0,r2t
175,S. cerevisiae,0,PacBIO,10.0,0.015881964943998433,0.2178703202752955,80.85671162790698,22.32956628121355,12.010634161388065,468966,0,18598,559800,72236,0.1290389424794569,0.1525190902230778,473619.4,r2t
176,S. cerevisiae,1,PacBIO,10.0,0.019968550881512354,0.24413055292860755,78.56733333333332,22.677645023076984,13.01295401374118,509322,0,13042,564620,42256,0.0748397152066876,0.0883187823980056,478448.625,r2t
177,S. cerevisiae,2,PacBIO,10.0,0.028791011736208846,0.3010063040347221,80.68689285714287,24.33007807872482,9.329361136790839,553140,0,5739,575980,17101,0.0296902670231605,0.0353690513665099,483501.8,r2t
178,S. cerevisiae,3,PacBIO,10.0,0.029050387857488973,0.30234668771921414,80.98174774774776,26.28769246452461,9.069484733090198,569299,0,3073,580903,8531,0.0146857564860226,0.0175040604400825,487372.63157894736,r2t
179,S. cerevisiae,4,PacBIO,10.0,3.5179838345009578e-06,3.299089458386881e-05,79.99861797752808,25.107097085633246,9.049588972608642,534730,0,3562,547060,8768,0.0160274924139948,0.02076969984508,422153.4285714286,r2t
180,S. cerevisiae,5,PacBIO,10.0,5.397402116603746e-06,4.074295987404431e-05,80.30982758620691,26.29435758999058,9.526565081189315,500323,0,2005,506614,4286,0.0084600899304006,0.0108716192650369,394237.5,r2t
181,S. cerevisiae,6,PacBIO,10.0,5.319766751910979e-11,1.9939257508875872e-10,81.36510000000001,27.006212544556867,7.637990989564383,356124,0,750,358783,1909,0.0053207649191851,0.0061864473378265,308577.75,r2t
182,S. cerevisiae,0,PacBIO,20.0,0.025222665049107595,0.3128286027306616,82.01439565217392,23.894704284897887,11.469726023223362,412223,0,30975,557482,114284,0.2050003408181789,0.2424296832156539,471410.92,r2t
183,S. cerevisiae,1,PacBIO,20.0,0.028298878093825277,0.33122353810379046,81.23975121951219,23.409445098522177,11.959913653802062,475700,0,21837,562822,65285,0.1159958210588782,0.136831727732423,477118.875,r2t
184,S. cerevisiae,2,PacBIO,20.0,0.03692810457562027,0.38241284375176043,81.7466339869281,25.933408688842015,11.160785535143091,545245,0,7504,575284,22535,0.0391719568074203,0.0466804667673813,482750.1,r2t
185,S. cerevisiae,3,PacBIO,20.0,0.04529851219899533,0.40962977462001837,81.7493656716418,26.832532672477203,11.316389192948616,560052,0,5653,580415,14710,0.025343934943101,0.0302025480191768,487045.0,r2t
186,S. cerevisiae,4,PacBIO,20.0,0.042311926611769815,0.43856523156115557,81.37185321100918,24.543455449015756,10.517840543724915,523129,0,6719,546145,16297,0.029840060789717,0.0386160911493973,422026.1428571429,r2t
187,S. cerevisiae,5,PacBIO,20.0,0.05490476190772514,0.49889071279222286,81.84677380952382,24.889763500780777,10.368703680227423,493006,0,4304,506614,9304,0.0183650668951114,0.0236126849658207,394025.5,r2t
188,S. cerevisiae,6,PacBIO,20.0,0.09387755102548774,0.6504027522292125,81.60048979591836,26.121841544005623,10.217439866892752,353525,0,1434,358568,3609,0.0100650364784364,0.0117025907668212,308393.25,r2t
0,A. thaliana,0,Illumina,5.0,4.4199999999999995e-68,1.9266333330449778e-67,98.75625,97.28559647794593,3.87541739526209,13130,0,383,85878,72365,0.8426488739840239,1.099535560879188,65814.15151515152,assembly
1,A. thaliana,1,Illumina,5.0,3.683333744583333e-68,1.7664646025117072e-67,98.87129166666666,97.15152774261061,3.5611938948331945,14997,0,1043,91650,75610,0.824986361156574,1.0760208326940413,70268.15625,assembly
2,A. thaliana,2,Illumina,5.0,3.157143209642857e-68,1.640499543813524e-67,98.45003571428572,96.94288557340046,4.193020735887391,28636,0,1051,121759,92072,0.7561822945326423,0.9841344492846468,93556.32258064517,assembly
3,A. thaliana,3,Illumina,5.0,1.880851355744681e-68,1.2756552520965411e-67,98.46534042553189,97.10994246164897,4.301325853370844,36400,0,2391,199270,160479,0.8053344708184875,1.0484308228599026,153065.89285714287,assembly
4,A. thaliana,4,Illumina,5.0,4.4387118667322034e-66,3.368834074750585e-65,98.69383050847458,97.5832939439812,3.8870811242097694,45365,0,4015,304200,254820,0.83767258382643,1.0882250863105598,234161.11538461535,assembly
5,A. thaliana,5,Illumina,5.0,1.5479452054794878e-52,1.3134750620396689e-51,98.83084931506849,97.48393305355206,3.5156672379477247,88477,0,4393,377640,284770,0.7540779578434488,0.9946126879185074,286312.45454545453,assembly
6,A. thaliana,6,Illumina,5.0,9.80489182926923e-47,8.824390090794612e-46,98.78323170731707,97.366233032782,3.3783355993627215,53314,0,2234,424834,369286,0.8692477532400891,1.1602599818188672,318278.6666666667,assembly
7,A. thaliana,0,Illumina,10.0,9.401993358418681e-60,1.6284730184102388e-58,99.18418604651163,98.43213347572443,1.9768771722317533,23601,0,1947,139141,113593,0.8163876930595583,1.0864044428008517,104558.66666666669,assembly
8,A. thaliana,1,Illumina,10.0,8.876112855435808e-60,1.5820079354893182e-58,99.20891849529781,98.41185296746443,1.9172412209508474,29084,0,1611,151788,121093,0.7977771628850766,1.0594701358809624,114295.8125,assembly
9,A. thaliana,2,Illumina,10.0,1.4081081081081088e-44,2.704887346785822e-43,99.13525675675675,98.31211558039716,2.028159963977539,36117,0,2259,192245,153869,0.8003797237899555,1.06498715077687,144479.67741935485,assembly
10,A. thaliana,3,Illumina,10.0,9.092495636998259e-45,2.1746086726547392e-43,98.94808027923212,98.3251344450154,2.458050552188757,44319,0,3193,316257,268745,0.8497677521762365,1.1131143433035715,241435.2142857143,assembly
11,A. thaliana,4,Illumina,10.0,6.658905852417305e-45,1.85717161497342e-43,98.87379643765904,98.19899759767522,2.534218330944112,65544,0,4199,446092,376349,0.8436578104964895,1.115327781926743,337433.53846153844,assembly
12,A. thaliana,5,Illumina,10.0,1.2307692307745988e-33,3.8411043776805333e-32,98.89736,98.10517208810167,2.4969710550759654,95021,0,16234,545431,434176,0.7960236950228351,1.067564243316262,406697.7727272727,assembly
13,A. thaliana,6,Illumina,10.0,1.1246583885475482e-33,3.6719387255333506e-32,98.87603842549203,97.99669039488475,2.6085477985040226,120396,0,23815,608049,463838,0.7628299692952377,1.031065995392879,449862.5714285714,assembly
14,A. thaliana,0,Illumina,20.0,1.5854341736694677e-42,2.9913912161031024e-41,99.12005042016807,98.85463079828632,2.8422718558892175,34513,0,4445,158005,119047,0.753438182336002,1.0038128294736164,118594.81818181818,assembly
15,A. thaliana,2,Illumina,20.0,1.3471933962264149e-42,2.745552208264345e-41,99.06305424528303,98.7663659498073,2.8520454930977097,38174,0,3046,213098,171878,0.8065678701817943,1.0639859099522944,161541.61290322582,assembly
16,A. thaliana,3,Illumina,20.0,8.36325036603221e-43,2.164215244908287e-41,99.00038945827234,98.64615441232073,2.7789576093280575,49490,0,2011,355738,304237,0.8552277237742384,1.1224811120878029,271039.75,assembly
17,A. thaliana,4,Illumina,20.0,6.096413020277481e-43,1.848114493572211e-41,98.96657950907151,98.56892853949516,2.657228619906246,69533,0,4006,495328,421789,0.8515347406163188,1.1285750642705004,373735.8846153846,assembly
18,A. thaliana,6,Illumina,20.0,9.111557233704291e-43,2.2730251777330001e-41,98.92688235294119,98.36329463366734,2.7490483305751514,308548,0,8168,673485,356769,0.5297356288558766,0.7189810977563572,496214.7142857143,assembly
19,A. thaliana,0,ONT,5.0,,,,,,0,0,0,0,0,0.0,0.0,51657.81818181818,assembly
20,A. thaliana,1,ONT,5.0,7.6799999999999995e-112,0.0,73.282,77.10796787148594,0.0,12164,0,882,73065,60019,0.8214466570861562,1.0622079852753787,56504.0,assembly
21,A. thaliana,2,ONT,5.0,7.6799999999999995e-112,0.0,73.282,77.10796787148594,0.0,16379,0,2748,101311,82184,0.8112051011242609,1.0487611201971307,78362.93548387097,assembly
22,A. thaliana,3,ONT,5.0,7.6799999999999995e-112,0.0,73.282,77.10796787148594,0.0,144700,0,2628,176523,29195,0.1653892127371504,0.2126469611977695,137293.2857142857,assembly
23,A. thaliana,4,ONT,5.0,7.6799999999999995e-112,0.0,73.282,77.10796787148594,0.0,35631,0,1826,277670,240213,0.8651024597543847,1.1122810179459854,215964.3076923077,assembly
24,A. thaliana,5,ONT,5.0,7.6799999999999995e-112,0.0,73.282,77.10796787148594,0.0,80526,0,3735,333209,248948,0.7471226767584309,0.970784761061379,256439.95454545456,assembly
25,A. thaliana,6,ONT,5.0,7.6799999999999995e-112,0.0,73.282,77.10796787148594,0.0,44196,0,2028,363867,317643,0.8729645722200694,1.1458163850037515,277219.8095238095,assembly
26,A. thaliana,0,ONT,10.0,7.466666666666666e-81,1.055946126571911e-80,72.057,79.77741714888958,5.998814771825069,9506,0,857,67059,56696,0.8454644417602409,1.0865358426488,52180.51515151515,assembly
27,A. thaliana,1,ONT,10.0,7.466666666666666e-81,1.055946126571911e-80,72.057,79.77741714888958,5.998814771825069,12071,0,882,72907,59954,0.8223353038802859,1.0622690422166188,56439.5625,assembly
28,A. thaliana,2,ONT,10.0,7.466666666666666e-81,1.055946126571911e-80,72.057,79.77741714888958,5.998814771825069,16596,0,1126,101917,84195,0.8261134060068487,1.0673799586305384,78880.06451612903,assembly
29,A. thaliana,3,ONT,10.0,3.2648e-79,6.418186360647375e-79,75.69839999999999,76.14754572128642,10.241062554246994,26551,0,2273,178549,149725,0.8385653238046699,1.07712478620269,139004.32142857142,assembly
30,A. thaliana,4,ONT,10.0,2.332e-79,5.621293801252519e-79,77.547,78.76480189895685,9.156668654982708,40705,0,3760,278469,234004,0.8403233394022315,1.0815115874768644,216367.53846153847,assembly
31,A. thaliana,5,ONT,10.0,1.8137777777777777e-79,5.051425184545617e-79,75.5938888888889,77.71994588309518,8.935709502943102,48891,0,10260,334459,275308,0.8231442418951201,1.0697451220767915,257358.5,assembly
32,A. thaliana,6,ONT,10.0,1.6324e-79,4.8229957329444116e-79,74.9905,78.26327744033823,8.668270718545886,50809,0,4829,367175,311537,0.8484700755770409,1.1145758266200958,279511.71428571426,assembly
33,A. thaliana,0,ONT,20.0,7.055598611111111e-50,2.909079036100275e-49,75.44805555555556,78.88495710760245,15.28141002973592,10018,0,657,68404,57729,0.843941874744167,1.0819140616791827,53358.21212121212,assembly
34,A. thaliana,1,ONT,20.0,6.350038749999999e-50,2.767899940213753e-49,74.00400000000002,78.72164689102824,15.130680563015002,12180,0,748,75592,62664,0.8289766112816171,1.0707842350927088,58521.59375,assembly
35,A. thaliana,2,ONT,20.0,5.772762499999999e-50,2.645395200687902e-49,73.12986363636364,78.3977228633952,15.076453517429856,17048,0,983,104294,86263,0.8271137361689072,1.0703337977585117,80594.48387096774,assembly
36,A. thaliana,3,ONT,20.0,6.769230769230817e-36,3.384615384615384e-35,74.36992307692309,76.46872803046789,14.493830944771684,24482,0,2998,180229,152749,0.8475273124746849,1.0913011982958547,139969.60714285713,assembly
37,A. thaliana,4,ONT,20.0,2.363157894736842e-09,1.4374528295283682e-08,73.19905263157895,72.90329955700041,13.653166503642197,38138,0,1030,281974,242806,0.8610935760034613,1.110984480249927,218550.3076923077,assembly
38,A. thaliana,5,ONT,20.0,1.796e-09,1.2572e-08,72.6095,74.67038539109953,12.566380050356585,131303,0,14392,341869,196174,0.5738279867434602,0.7465571119058637,262771.5909090909,assembly
39,A. thaliana,6,ONT,20.0,1.7269230769230769e-09,1.2332697555445154e-08,72.63432692307694,73.38011471170404,12.779487429111294,60904,0,6829,375881,308148,0.8198020118069282,1.0744492398037364,286796.2380952381,assembly
40,A. thaliana,0,PacBIO,5.0,,,,,,0,0,0,0,0,0.0,0.0,51641.0,assembly
41,A. thaliana,1,PacBIO,5.0,,,,,,0,0,0,0,0,0.0,0.0,56319.0625,assembly
42,A. thaliana,2,PacBIO,5.0,0.0,0.0,88.615,92.60409967845659,0.0,16485,0,2751,101589,82353,0.8106487907155302,1.0491254832228638,78496.80645161291,assembly
43,A. thaliana,3,PacBIO,5.0,0.0,0.0,82.3495,88.29891122536691,6.265499999999995,26588,0,2263,177032,148181,0.8370294635998011,1.0762152291426732,137687.14285714287,assembly
44,A. thaliana,4,PacBIO,5.0,0.0,0.0,81.664,82.4298497657194,5.206804586308186,40421,0,3746,279317,235150,0.841875002237601,1.081914705361883,217346.15384615384,assembly
45,A. thaliana,5,PacBIO,5.0,0.0,0.0,81.664,82.4298497657194,5.206804586308186,57207,0,12909,333579,263463,0.7898069123056307,1.0263072204132968,256709.68181818185,assembly
46,A. thaliana,6,PacBIO,5.0,0.0,0.0,81.664,82.4298497657194,5.206804586308186,44087,0,2028,365394,319279,0.8737937678232265,1.146090365100276,278581.0,assembly
47,A. thaliana,0,PacBIO,10.0,3.1178571428571424e-25,1.620086094651032e-24,82.01085714285715,81.86893763978297,10.762832834456225,11196,0,188,73960,62576,0.8460789616008654,1.096406402563829,57073.72727272727,assembly
48,A. thaliana,1,PacBIO,10.0,2.567647058823529e-25,1.475000938361088e-24,83.01955882352941,83.81333282423994,10.992154392461757,12881,0,1043,81083,67159,0.8282747308313704,1.0706420450667542,62727.78125,assembly
49,A. thaliana,2,PacBIO,10.0,2.1292682926829268e-25,1.346667510891217e-24,83.15412195121951,83.26731243613641,10.704555559052194,27460,0,1004,112031,83567,0.7459274665048067,0.9677641930793748,86350.58064516129,assembly
50,A. thaliana,3,PacBIO,10.0,1.2838235295113234e-25,1.0508548485053501e-24,84.59260294117648,84.52927152384319,10.656353522029098,26989,0,872,191025,163164,0.8541499803690616,1.1052789342698277,147622.4642857143,assembly
51,A. thaliana,4,PacBIO,10.0,8.235849057242452e-26,8.439233979883134e-25,83.68737735849058,83.38363205075139,10.858336718464889,49648,0,4015,308733,255070,0.8261831420677413,1.077752389743523,236668.46153846156,assembly
52,A. thaliana,5,PacBIO,10.0,5.504065040653041e-36,6.079438543606297e-35,83.32665040650404,84.37165614267279,10.88549989813311,63973,0,13911,364760,286876,0.7864787805680448,1.033720673882799,277517.9090909091,assembly
53,A. thaliana,6,PacBIO,10.0,4.905797101451623e-36,5.742088289534174e-35,83.01878260869566,83.81592724089232,11.219194563264923,71260,0,15871,401827,314696,0.7831629034385444,1.0397471107542122,302665.90476190473,assembly
54,A. thaliana,0,PacBIO,20.0,2.4716157205240172e-42,3.732057895513747e-41,91.35555021834062,91.77249414158116,7.950774861766616,17899,0,1587,120056,100570,0.8376924102085693,1.1051232504404596,91003.42424242424,assembly
55,A. thaliana,1,PacBIO,20.0,2.3196721311475503e-42,3.616010989244203e-41,91.39565573770493,92.1362602725944,7.846377678684951,22483,0,1681,135157,110993,0.8212153273600331,1.0822138274942306,102561.0625,assembly
56,A. thaliana,2,PacBIO,20.0,1.951724137931115e-42,3.3179310344827577e-41,91.21439655172414,92.21198523389299,7.998531412918024,45145,0,1370,174361,127846,0.733225893405062,0.9624989253558226,132827.16129032258,assembly
57,A. thaliana,3,PacBIO,20.0,1.0847045553145336e-05,0.00023262045706134153,91.56639045553145,91.9146939387456,7.947290581800767,71221,0,8832,299001,218948,0.7322651094812392,0.952624870191128,229836.5357142857,assembly
58,A. thaliana,4,PacBIO,20.0,7.874784251968504e-06,0.00019826262100600898,91.65931968503938,92.37054378349134,7.901979297161066,62873,0,3828,420564,353863,0.8414010709428291,1.1114757061098537,318372.23076923075,assembly
59,A. thaliana,5,PacBIO,20.0,6.265664160401003e-06,0.00017688714553249507,91.62451629072682,92.5561810316022,7.876664501124092,91415,0,15998,526679,419266,0.7960560417256052,1.067001702556704,392938.4545454545,assembly
60,A. thaliana,6,PacBIO,20.0,5.807200929152149e-06,0.00017030056095952595,91.64003600464575,92.63906487609727,7.782235728183595,73695,0,3224,573940,497021,0.8659807645398474,1.1696415043932824,424934.4761904762,assembly
61,M. musculus,0,Illumina,5.0,2.2526397512197446e-76,1.3377228288723944e-75,99.97812195121952,98.51250917675924,0.10711976318348312,5169,0,624,19507,13714,0.70302968165274,0.7820230869972649,17536.566666666666,assembly
62,M. musculus,0,Illumina,5.0,2.2526397512197446e-76,1.3377228288723944e-75,99.97812195121952,98.51250917675924,0.10711976318348312,5169,0,624,19507,13714,0.70302968165274,0.7820230869972649,17536.566666666666,assembly
63,M. musculus,1,Illumina,5.0,2.252639751219512e-76,1.337722828872398e-75,99.97812195121952,98.52368186758491,0.10711976318348312,5050,0,618,19792,14124,0.7136216653193209,0.7890472392708947,17900.068965517243,assembly
64,M. musculus,1,Illumina,5.0,2.252639751219512e-76,1.337722828872398e-75,99.97812195121952,98.52368186758491,0.10711976318348312,5050,0,618,19792,14124,0.7136216653193209,0.7890472392708947,17900.068965517243,assembly
65,M. musculus,2,Illumina,5.0,2.5718181818181818e-77,1.10091675171871e-76,100.0,98.34741336436099,0.0,1171,0,244,9679,8264,0.8538072114887901,0.9361521360501832,8827.625,assembly
66,M. musculus,2,Illumina,5.0,2.5718181818181818e-77,1.10091675171871e-76,100.0,98.34741336436099,0.0,1171,0,244,9679,8264,0.8538072114887901,0.9361521360501832,8827.625,assembly
67,M. musculus,3,Illumina,5.0,2.0207142857142858e-77,9.815476820006334e-77,100.0,97.7475297359003,0.0,1231,0,270,10932,9431,0.8626966703256495,0.9233240770408344,10214.181818181818,assembly
68,M. musculus,3,Illumina,5.0,2.0207142857142858e-77,9.815476820006334e-77,100.0,97.7475297359003,0.0,1231,0,270,10932,9431,0.8626966703256495,0.9233240770408344,10214.181818181818,assembly
69,M. musculus,4,Illumina,5.0,1.8860179333333334e-77,9.496035121642076e-77,100.0,97.86480231037974,0.0,54776,0,1819,122246,65651,0.5370400667506503,0.6279696753546666,104544.85714285714,assembly
70,M. musculus,4,Illumina,5.0,1.8860179333333334e-77,9.496035121642076e-77,100.0,97.86480231037974,0.0,54776,0,1819,122246,65651,0.5370400667506503,0.6279696753546666,104544.85714285714,assembly
71,M. musculus,5,Illumina,5.0,1.1547407755102041e-77,7.486879021592831e-77,99.97800000000001,98.66493812146805,0.10932520294973186,81890,0,2200,161152,77062,0.4781944996028594,0.5601983105799567,137562.0,assembly
72,M. musculus,5,Illumina,5.0,1.1547407755102041e-77,7.486879021592831e-77,99.97800000000001,98.66493812146805,0.10932520294973186,81890,0,2200,161152,77062,0.4781944996028594,0.5601983105799567,137562.0,assembly
73,M. musculus,6,Illumina,5.0,,,,,,104963,0,2557,193926,86406,0.4455617091055351,0.525721980933761,164356.83333333334,assembly
74,M. musculus,6,Illumina,5.0,,,,,,104963,0,2557,193926,86406,0.4455617091055351,0.525721980933761,164356.83333333334,assembly
75,M. musculus,0,Illumina,10.0,1.7761198038463372e-76,1.1913930310482607e-75,99.99848076923078,98.48115187527345,0.010849477804900748,4353,0,536,23489,18600,0.7918600195836349,0.8868545272493206,20973.0,assembly
76,M. musculus,0,Illumina,10.0,1.7761198038463372e-76,1.1913930310482607e-75,99.99848076923078,98.48115187527345,0.010849477804900748,4353,0,536,23489,18600,0.7918600195836349,0.8868545272493206,20973.0,assembly
77,M. musculus,1,Illumina,10.0,1.7426081094341418e-76,1.1803473524421712e-75,99.99850943396227,98.50347786876266,0.01074862455704271,4189,0,526,23749,19034,0.8014653248557834,0.8922355755631168,21332.93103448276,assembly
78,M. musculus,1,Illumina,10.0,1.7426081094341418e-76,1.1803473524421712e-75,99.99850943396227,98.50347786876266,0.01074862455704271,4189,0,526,23749,19034,0.8014653248557834,0.8922355755631168,21332.93103448276,assembly
79,M. musculus,2,Illumina,10.0,1.951034482758621e-77,9.651805028550656e-77,99.99727586206897,98.74700436056858,0.014414783005109346,898,0,312,12072,10862,0.8997680583167661,0.9970587897818762,10894.041666666666,assembly
80,M. musculus,2,Illumina,10.0,1.951034482758621e-77,9.651805028550656e-77,99.99727586206897,98.74700436056858,0.014414783005109346,898,0,312,12072,10862,0.8997680583167661,0.9970587897818762,10894.041666666666,assembly
81,M. musculus,3,Illumina,10.0,1.5291891891891893e-77,8.582557540569155e-77,99.99786486486487,97.36062583023408,0.01281081081080976,959,0,395,14459,13105,0.9063559028978492,0.9830135155408262,13331.454545454546,assembly
82,M. musculus,3,Illumina,10.0,1.5291891891891893e-77,8.582557540569155e-77,99.99786486486487,97.36062583023408,0.01281081081080976,959,0,395,14459,13105,0.9063559028978492,0.9830135155408262,13331.454545454546,assembly
83,M. musculus,4,Illumina,10.0,1.3158264651162792e-77,7.978899835246457e-77,99.96462790697674,97.62556624999723,0.21737354230820916,41670,0,2108,138646,94868,0.6842462097716486,0.8030949478531763,118128.0,assembly
84,M. musculus,4,Illumina,10.0,1.3158264651162792e-77,7.978899835246457e-77,99.96462790697674,97.62556624999723,0.21737354230820916,41670,0,2108,138646,94868,0.6842462097716486,0.8030949478531763,118128.0,assembly
85,M. musculus,5,Illumina,10.0,5.260425714285714e-79,4.366871851333037e-78,99.9702,97.85052339998992,0.18293899061084257,62438,0,3131,181533,115964,0.6388039640175616,0.753359336630087,153929.2,assembly
86,M. musculus,5,Illumina,10.0,5.260425714285714e-79,4.366871851333037e-78,99.9702,97.85052339998992,0.18293899061084257,62438,0,3131,181533,115964,0.6388039640175616,0.753359336630087,153929.2,assembly
87,M. musculus,6,Illumina,10.0,4.0900000000000006e-179,0.0,100.0,99.60851648351648,0.0,79888,0,4073,218872,134911,0.6163922292481451,0.7314932125061223,184432.3333333333,assembly
88,M. musculus,6,Illumina,10.0,4.0900000000000006e-179,0.0,100.0,99.60851648351648,0.0,79888,0,4073,218872,134911,0.6163922292481451,0.7314932125061223,184432.3333333333,assembly
89,M. musculus,0,Illumina,20.0,1.4430977212504733e-76,1.076142382680311e-75,99.97746875,97.34937937314662,0.17883625268227124,1998,0,276,28405,26131,0.919943671888752,1.034721708921576,25254.13333333333,assembly
90,M. musculus,0,Illumina,20.0,1.4430977212504733e-76,1.076142382680311e-75,99.97746875,97.34937937314662,0.17883625268227124,1998,0,276,28405,26131,0.919943671888752,1.034721708921576,25254.13333333333,assembly
91,M. musculus,1,Illumina,20.0,1.5140688583611523e-76,1.1017997831462012e-75,100.0,97.51479825593422,0.0,1838,0,273,28640,26529,0.9262918994413408,1.0371999654869308,25577.51724137931,assembly
92,M. musculus,1,Illumina,20.0,1.5140688583611523e-76,1.1017997831462012e-75,100.0,97.51479825593422,0.0,1838,0,273,28640,26529,0.9262918994413408,1.0371999654869308,25577.51724137931,assembly
93,M. musculus,2,Illumina,20.0,1.886e-77,9.496038682875437e-77,100.0,97.99606591711056,0.0,901,0,55,14173,13217,0.9325478021590348,1.0281435864192527,12855.208333333334,assembly
94,M. musculus,2,Illumina,20.0,1.886e-77,9.496038682875437e-77,100.0,97.99606591711056,0.0,901,0,55,14173,13217,0.9325478021590348,1.0281435864192527,12855.208333333334,assembly
95,M. musculus,3,Illumina,20.0,1.3471428571428572e-77,8.07071581345153e-77,100.0,97.18770735199926,0.0,961,0,189,17204,16054,0.9331550802139036,1.0103874332369256,15888.954545454546,assembly
96,M. musculus,3,Illumina,20.0,1.3471428571428572e-77,8.07071581345153e-77,100.0,97.18770735199926,0.0,961,0,189,17204,16054,0.9331550802139036,1.0103874332369256,15888.954545454546,assembly
97,M. musculus,4,Illumina,20.0,1.285921318181818e-77,7.890146732535012e-77,100.0,97.27715040041326,0.0,26495,0,2967,162600,133138,0.8188068880688807,0.9698630764235584,137275.04761904763,assembly
98,M. musculus,4,Illumina,20.0,1.285921318181818e-77,7.890146732535012e-77,100.0,97.27715040041326,0.0,26495,0,2967,162600,133138,0.8188068880688807,0.9698630764235584,137275.04761904763,assembly
99,M. musculus,5,Illumina,20.0,6.656768e-78,5.713026114863546e-77,99.9895411764706,97.502521078083,0.07227424127278698,42391,0,3402,210732,164939,0.7826955564413568,0.9297932502486004,177393.2,assembly
100,M. musculus,5,Illumina,20.0,6.656768e-78,5.713026114863546e-77,99.9895411764706,97.502521078083,0.07227424127278698,42391,0,3402,210732,164939,0.7826955564413568,0.9297932502486004,177393.2,assembly
101,M. musculus,6,Illumina,20.0,0.0,0.0,100.0,99.84259000824572,0.0,54580,0,3991,256563,197992,0.7717090928933634,0.9299706906485632,212901.3333333333,assembly
102,M. musculus,6,Illumina,20.0,0.0,0.0,100.0,99.84259000824572,0.0,54580,0,3991,256563,197992,0.7717090928933634,0.9299706906485632,212901.3333333333,assembly
103,S. cerevisiae,0,Illumina,5.0,1.4472843450485532e-43,2.556413848208632e-42,99.70627795527156,99.57210911850636,1.177674348715576,19019,0,1739,352926,332168,0.941183137541581,1.0667891012338433,311371.76,assembly
104,S. cerevisiae,0,Illumina,5.0,1.4472843450485532e-43,2.556413848208632e-42,99.70627795527156,99.57210911850636,1.177674348715576,19019,0,1739,352926,332168,0.941183137541581,1.0667891012338433,311371.76,assembly
105,S. cerevisiae,0,Illumina,5.0,1.4472843450485532e-43,2.556413848208632e-42,99.70627795527156,99.57210911850636,1.177674348715576,19019,0,1739,352926,332168,0.941183137541581,1.0667891012338433,311371.76,assembly
106,S. cerevisiae,1,Illumina,5.0,1.4112149532716422e-43,2.524458053102563e-42,99.7065046728972,99.57567960776477,1.1666117195467272,31354,0,8447,375598,335797,0.894032982071257,1.0100004624447838,332472.125,assembly
107,S. cerevisiae,1,Illumina,5.0,1.4112149532716422e-43,2.524458053102563e-42,99.7065046728972,99.57567960776477,1.1666117195467272,31354,0,8447,375598,335797,0.894032982071257,1.0100004624447838,332472.125,assembly
108,S. cerevisiae,1,Illumina,5.0,1.4112149532716422e-43,2.524458053102563e-42,99.7065046728972,99.57567960776477,1.1666117195467272,31354,0,8447,375598,335797,0.894032982071257,1.0100004624447838,332472.125,assembly
109,S. cerevisiae,2,Illumina,5.0,1.4950495049511458e-43,2.598119036380588e-42,99.72115181518153,99.54482651033874,1.043045833420333,35180,0,11786,368022,321056,0.8723826292993354,0.9826175886332504,326735.45,assembly
110,S. cerevisiae,2,Illumina,5.0,1.4950495049511458e-43,2.598119036380588e-42,99.72115181518153,99.54482651033874,1.043045833420333,35180,0,11786,368022,321056,0.8723826292993354,0.9826175886332504,326735.45,assembly
111,S. cerevisiae,2,Illumina,5.0,1.4950495049511458e-43,2.598119036380588e-42,99.72115181518153,99.54482651033874,1.043045833420333,35180,0,11786,368022,321056,0.8723826292993354,0.9826175886332504,326735.45,assembly
112,S. cerevisiae,3,Illumina,5.0,1.4290220820195494e-43,2.540285218324263e-42,99.73406309148265,99.57903277335765,1.0194360671827796,43906,0,14558,406174,347710,0.8560616878480651,0.9593898582035182,362428.2631578947,assembly
113,S. cerevisiae,3,Illumina,5.0,1.4290220820195494e-43,2.540285218324263e-42,99.73406309148265,99.57903277335765,1.0194360671827796,43906,0,14558,406174,347710,0.8560616878480651,0.9593898582035182,362428.2631578947,assembly
114,S. cerevisiae,3,Illumina,5.0,1.4290220820195494e-43,2.540285218324263e-42,99.73406309148265,99.57903277335765,1.0194360671827796,43906,0,14558,406174,347710,0.8560616878480651,0.9593898582035182,362428.2631578947,assembly
115,S. cerevisiae,4,Illumina,5.0,1.4803921568634989e-43,2.5853937536103095e-42,99.71217647058823,99.42179183385011,1.0045380925159821,186103,0,10712,285039,88224,0.3095155399787397,0.3305252927034474,266920.5714285714,assembly
116,S. cerevisiae,4,Illumina,5.0,1.4803921568634989e-43,2.5853937536103095e-42,99.71217647058823,99.42179183385011,1.0045380925159821,186103,0,10712,285039,88224,0.3095155399787397,0.3305252927034474,266920.5714285714,assembly
117,S. cerevisiae,4,Illumina,5.0,1.4803921568634989e-43,2.5853937536103095e-42,99.71217647058823,99.42179183385011,1.0045380925159821,186103,0,10712,285039,88224,0.3095155399787397,0.3305252927034474,266920.5714285714,assembly
118,S. cerevisiae,5,Illumina,5.0,1.4024767801864725e-43,2.5166546054339405e-42,99.71344582043344,99.43651816683293,0.9940522063052021,16425,0,6028,356090,333637,0.9369457159706815,1.0042848951051055,332213.5,assembly
119,S. cerevisiae,5,Illumina,5.0,1.4024767801864725e-43,2.5166546054339405e-42,99.71344582043344,99.43651816683293,0.9940522063052021,16425,0,6028,356090,333637,0.9369457159706815,1.0042848951051055,332213.5,assembly
120,S. cerevisiae,5,Illumina,5.0,1.4024767801864725e-43,2.5166546054339405e-42,99.71344582043344,99.43651816683293,0.9940522063052021,16425,0,6028,356090,333637,0.9369457159706815,1.0042848951051055,332213.5,assembly
121,S. cerevisiae,6,Illumina,5.0,1.9525862069164656e-43,2.967674104123796e-42,99.69504741379312,99.57670239031174,1.1212307171264058,483,0,7821,74595,66291,0.888678865875729,0.9053982995868474,73217.5,assembly
122,S. cerevisiae,6,Illumina,5.0,1.9525862069164656e-43,2.967674104123796e-42,99.69504741379312,99.57670239031174,1.1212307171264058,483,0,7821,74595,66291,0.888678865875729,0.9053982995868474,73217.5,assembly
123,S. cerevisiae,6,Illumina,5.0,1.9525862069164656e-43,2.967674104123796e-42,99.69504741379312,99.57670239031174,1.1212307171264058,483,0,7821,74595,66291,0.888678865875729,0.9053982995868474,73217.5,assembly
124,S. cerevisiae,0,Illumina,10.0,6.239669422880222e-44,1.6800824088369003e-42,99.8030826446281,99.61453754185605,1.1060371701800997,17823,0,3995,405901,384083,0.9462479767233882,1.0865937870677564,353474.32,assembly
125,S. cerevisiae,0,Illumina,10.0,6.239669422880222e-44,1.6800824088369003e-42,99.8030826446281,99.61453754185605,1.1060371701800997,17823,0,3995,405901,384083,0.9462479767233882,1.0865937870677564,353474.32,assembly
126,S. cerevisiae,0,Illumina,10.0,6.239669422880222e-44,1.6800824088369003e-42,99.8030826446281,99.61453754185605,1.1060371701800997,17823,0,3995,405901,384083,0.9462479767233882,1.0865937870677564,353474.32,assembly
127,S. cerevisiae,1,Illumina,10.0,6.080536914108781e-44,1.658549344626239e-42,99.80360671140939,99.61987014145973,1.0945499137912624,41694,0,9429,427704,376581,0.8804710734526682,1.008215816190788,373512.2916666667,assembly
128,S. cerevisiae,1,Illumina,10.0,6.080536914108781e-44,1.658549344626239e-42,99.80360671140939,99.61987014145973,1.0945499137912624,41694,0,9429,427704,376581,0.8804710734526682,1.008215816190788,373512.2916666667,assembly
129,S. cerevisiae,1,Illumina,10.0,6.080536914108781e-44,1.658549344626239e-42,99.80360671140939,99.61987014145973,1.0945499137912624,41694,0,9429,427704,376581,0.8804710734526682,1.008215816190788,373512.2916666667,assembly
130,S. cerevisiae,2,Illumina,10.0,6.622807054175438e-44,1.7308221808203423e-42,99.80646345029241,99.61097111378865,0.959508137340785,50118,0,14057,423267,359092,0.8483817543063834,0.9690851966577017,370547.4,assembly
131,S. cerevisiae,2,Illumina,10.0,6.622807054175438e-44,1.7308221808203423e-42,99.80646345029241,99.61097111378865,0.959508137340785,50118,0,14057,423267,359092,0.8483817543063834,0.9690851966577017,370547.4,assembly
132,S. cerevisiae,2,Illumina,10.0,6.622807054175438e-44,1.7308221808203423e-42,99.80646345029241,99.61097111378865,0.959508137340785,50118,0,14057,423267,359092,0.8483817543063834,0.9690851966577017,370547.4,assembly
133,S. cerevisiae,3,Illumina,10.0,6.3713080521181435e-44,1.6976875964134487e-42,99.81275808720112,99.63556828194271,0.9418242244433086,39082,0,19917,460610,401611,0.8719111612861206,0.9925875368271968,404610.15789473685,assembly
134,S. cerevisiae,3,Illumina,10.0,6.3713080521181435e-44,1.6976875964134487e-42,99.81275808720112,99.63556828194271,0.9418242244433086,39082,0,19917,460610,401611,0.8719111612861206,0.9925875368271968,404610.15789473685,assembly
135,S. cerevisiae,3,Illumina,10.0,6.3713080521181435e-44,1.6976875964134487e-42,99.81275808720112,99.63556828194271,0.9418242244433086,39082,0,19917,460610,401611,0.8719111612861206,0.9925875368271968,404610.15789473685,assembly
136,S. cerevisiae,4,Illumina,10.0,2.0331325301204818e-27,5.235069519860854e-26,99.79942921686747,99.58256223988768,1.1008203708896613,15370,0,8900,361788,337518,0.9329165146439352,1.0284538972515085,328180.0,assembly
137,S. cerevisiae,4,Illumina,10.0,2.0331325301204818e-27,5.235069519860854e-26,99.79942921686747,99.58256223988768,1.1008203708896613,15370,0,8900,361788,337518,0.9329165146439352,1.0284538972515085,328180.0,assembly
138,S. cerevisiae,4,Illumina,10.0,2.0331325301204818e-27,5.235069519860854e-26,99.79942921686747,99.58256223988768,1.1008203708896613,15370,0,8900,361788,337518,0.9329165146439352,1.0284538972515085,328180.0,assembly
139,S. cerevisiae,5,Illumina,10.0,1.9176136363636362e-27,5.084389016423253e-26,99.80592329545453,99.59228512539138,1.0698113163727239,21083,0,11605,437121,404433,0.9252197904012848,1.0276120682901422,393565.8333333333,assembly
140,S. cerevisiae,5,Illumina,10.0,1.9176136363636362e-27,5.084389016423253e-26,99.80592329545453,99.59228512539138,1.0698113163727239,21083,0,11605,437121,404433,0.9252197904012848,1.0276120682901422,393565.8333333333,assembly
141,S. cerevisiae,5,Illumina,10.0,1.9176136363636362e-27,5.084389016423253e-26,99.80592329545453,99.59228512539138,1.0698113163727239,21083,0,11605,437121,404433,0.9252197904012848,1.0276120682901422,393565.8333333333,assembly
142,S. cerevisiae,6,Illumina,10.0,6.834381553047442e-44,1.491086016507087e-42,99.82286582809223,99.56363985690501,0.8919382933279731,2556,0,8201,210276,199519,0.9488434248321254,0.9778150243266522,204045.75,assembly
143,S. cerevisiae,6,Illumina,10.0,6.834381553047442e-44,1.491086016507087e-42,99.82286582809223,99.56363985690501,0.8919382933279731,2556,0,8201,210276,199519,0.9488434248321254,0.9778150243266522,204045.75,assembly
144,S. cerevisiae,6,Illumina,10.0,6.834381553047442e-44,1.491086016507087e-42,99.82286582809223,99.56363985690501,0.8919382933279731,2556,0,8201,210276,199519,0.9488434248321254,0.9778150243266522,204045.75,assembly
145,S. cerevisiae,0,Illumina,20.0,5.380047506241142e-44,1.560213776721986e-42,99.85216745843229,99.71258852944622,1.0611573206320872,43039,0,9458,423454,370957,0.8760266758608963,1.0093127649821143,367534.24,assembly
146,S. cerevisiae,0,Illumina,20.0,5.380047506241142e-44,1.560213776721986e-42,99.85216745843229,99.71258852944622,1.0611573206320872,43039,0,9458,423454,370957,0.8760266758608963,1.0093127649821143,367534.24,assembly
147,S. cerevisiae,0,Illumina,20.0,5.380047506241142e-44,1.560213776721986e-42,99.85216745843229,99.71258852944622,1.0611573206320872,43039,0,9458,423454,370957,0.8760266758608963,1.0093127649821143,367534.24,assembly
148,S. cerevisiae,1,Illumina,20.0,5.255220417929283e-44,1.542028895651386e-42,99.87609280742458,99.74355377965055,0.8498766926907062,163844,0,14106,444114,266164,0.5993145903979609,0.6892596771927644,386159.25,assembly
149,S. cerevisiae,1,Illumina,20.0,5.255220417929283e-44,1.542028895651386e-42,99.87609280742458,99.74355377965055,0.8498766926907062,163844,0,14106,444114,266164,0.5993145903979609,0.6892596771927644,386159.25,assembly
150,S. cerevisiae,1,Illumina,20.0,5.255220417929283e-44,1.542028895651386e-42,99.87609280742458,99.74355377965055,0.8498766926907062,163844,0,14106,444114,266164,0.5993145903979609,0.6892596771927644,386159.25,assembly
151,S. cerevisiae,2,Illumina,20.0,5.748730995304568e-44,1.612721406845558e-42,99.89359644670051,99.74933030500762,0.5732048845594441,125885,0,13714,435776,296177,0.6796542260243795,0.7801603667512609,379636.05,assembly
152,S. cerevisiae,2,Illumina,20.0,5.748730995304568e-44,1.612721406845558e-42,99.89359644670051,99.74933030500762,0.5732048845594441,125885,0,13714,435776,296177,0.6796542260243795,0.7801603667512609,379636.05,assembly
153,S. cerevisiae,2,Illumina,20.0,5.748730995304568e-44,1.612721406845558e-42,99.89359644670051,99.74933030500762,0.5732048845594441,125885,0,13714,435776,296177,0.6796542260243795,0.7801603667512609,379636.05,assembly
154,S. cerevisiae,3,Illumina,20.0,5.531135560805861e-44,1.5819434406909734e-42,99.89611599511599,99.76675468495216,0.5647828480237446,66891,0,17041,475132,391200,0.8233501426971873,0.9444309475719352,414217.6842105263,assembly
155,S. cerevisiae,3,Illumina,20.0,5.531135560805861e-44,1.5819434406909734e-42,99.89611599511599,99.76675468495216,0.5647828480237446,66891,0,17041,475132,391200,0.8233501426971873,0.9444309475719352,414217.6842105263,assembly
156,S. cerevisiae,3,Illumina,20.0,5.531135560805861e-44,1.5819434406909734e-42,99.89611599511599,99.76675468495216,0.5647828480237446,66891,0,17041,475132,391200,0.8233501426971873,0.9444309475719352,414217.6842105263,assembly
157,S. cerevisiae,4,Illumina,20.0,1.7786561264822133e-27,4.89696043800102e-26,99.85180764163373,99.69685045262696,0.9235988554230169,53594,0,8680,392435,330161,0.8413138481531973,0.9409965301896304,350863.14285714284,assembly
158,S. cerevisiae,4,Illumina,20.0,1.7786561264822133e-27,4.89696043800102e-26,99.85180764163373,99.69685045262696,0.9235988554230169,53594,0,8680,392435,330161,0.8413138481531973,0.9409965301896304,350863.14285714284,assembly
159,S. cerevisiae,4,Illumina,20.0,1.7786561264822133e-27,4.89696043800102e-26,99.85180764163373,99.69685045262696,0.9235988554230169,53594,0,8680,392435,330161,0.8413138481531973,0.9409965301896304,350863.14285714284,assembly
160,S. cerevisiae,5,Illumina,20.0,1.6770186335403725e-27,4.755168518341133e-26,99.85553291925466,99.70414779023488,0.9008754047475466,37540,0,8235,470878,425103,0.9027879832992834,1.013977170766846,419243.1666666667,assembly
161,S. cerevisiae,5,Illumina,20.0,1.6770186335403725e-27,4.755168518341133e-26,99.85553291925466,99.70414779023488,0.9008754047475466,37540,0,8235,470878,425103,0.9027879832992834,1.013977170766846,419243.1666666667,assembly
162,S. cerevisiae,5,Illumina,20.0,1.6770186335403725e-27,4.755168518341133e-26,99.85553291925466,99.70414779023488,0.9008754047475466,37540,0,8235,470878,425103,0.9027879832992834,1.013977170766846,419243.1666666667,assembly
163,S. cerevisiae,6,Illumina,20.0,6.00368324767256e-44,1.3977110986875686e-42,99.88379373848986,99.71475904270544,0.6354891315180395,3620,0,7098,255150,244432,0.9579933372525964,0.990284811408662,246830.0,assembly
164,S. cerevisiae,6,Illumina,20.0,6.00368324767256e-44,1.3977110986875686e-42,99.88379373848986,99.71475904270544,0.6354891315180395,3620,0,7098,255150,244432,0.9579933372525964,0.990284811408662,246830.0,assembly
165,S. cerevisiae,6,Illumina,20.0,6.00368324767256e-44,1.3977110986875686e-42,99.88379373848986,99.71475904270544,0.6354891315180395,3620,0,7098,255150,244432,0.9579933372525964,0.990284811408662,246830.0,assembly
166,S. cerevisiae,0,ONT,5.0,5.8e-123,5.8e-123,99.4185,98.19234556087187,0.5814999999999984,31197,0,7074,342553,304282,0.8882771425151729,1.0043791275888472,302955.32,assembly
167,S. cerevisiae,0,ONT,5.0,5.8e-123,5.8e-123,99.4185,98.19234556087187,0.5814999999999984,31197,0,7074,342553,304282,0.8882771425151729,1.0043791275888472,302955.32,assembly
168,S. cerevisiae,0,ONT,5.0,5.8e-123,5.8e-123,99.4185,98.19234556087187,0.5814999999999984,31197,0,7074,342553,304282,0.8882771425151729,1.0043791275888472,302955.32,assembly
169,S. cerevisiae,1,ONT,5.0,5.8e-123,5.8e-123,99.4185,98.19234556087187,0.5814999999999984,16957,0,2146,364854,345751,0.9476420705268408,1.0672216511869816,323973.0,assembly
170,S. cerevisiae,1,ONT,5.0,5.8e-123,5.8e-123,99.4185,98.19234556087187,0.5814999999999984,16957,0,2146,364854,345751,0.9476420705268408,1.0672216511869816,323973.0,assembly
171,S. cerevisiae,1,ONT,5.0,5.8e-123,5.8e-123,99.4185,98.19234556087187,0.5814999999999984,16957,0,2146,364854,345751,0.9476420705268408,1.0672216511869816,323973.0,assembly
172,S. cerevisiae,2,ONT,5.0,9.633333333333333e-83,1.3623590650860817e-82,99.61233333333332,90.2532303739146,0.5482434576799683,13364,0,3314,347114,330436,0.9519523845192068,1.0683043824966536,309308.85,assembly
173,S. cerevisiae,2,ONT,5.0,9.633333333333333e-83,1.3623590650860817e-82,99.61233333333332,90.2532303739146,0.5482434576799683,13364,0,3314,347114,330436,0.9519523845192068,1.0683043824966536,309308.85,assembly
174,S. cerevisiae,2,ONT,5.0,9.633333333333333e-83,1.3623590650860817e-82,99.61233333333332,90.2532303739146,0.5482434576799683,13364,0,3314,347114,330436,0.9519523845192068,1.0683043824966536,309308.85,assembly
175,S. cerevisiae,3,ONT,5.0,9.633333333333333e-83,1.3623590650860817e-82,99.61233333333332,90.2532303739146,0.5482434576799683,26109,0,16400,386765,344256,0.8900908820601657,0.9931418492956002,346633.2631578947,assembly
176,S. cerevisiae,3,ONT,5.0,9.633333333333333e-83,1.3623590650860817e-82,99.61233333333332,90.2532303739146,0.5482434576799683,26109,0,16400,386765,344256,0.8900908820601657,0.9931418492956002,346633.2631578947,assembly
177,S. cerevisiae,3,ONT,5.0,9.633333333333333e-83,1.3623590650860817e-82,99.61233333333332,90.2532303739146,0.5482434576799683,26109,0,16400,386765,344256,0.8900908820601657,0.9931418492956002,346633.2631578947,assembly
178,S. cerevisiae,4,ONT,5.0,9.633333333333333e-83,1.3623590650860817e-82,99.61233333333332,90.2532303739146,0.5482434576799683,5019,0,5660,248769,238090,0.9570726256084964,1.001837610973489,237653.2857142857,assembly
179,S. cerevisiae,4,ONT,5.0,9.633333333333333e-83,1.3623590650860817e-82,99.61233333333332,90.2532303739146,0.5482434576799683,5019,0,5660,248769,238090,0.9570726256084964,1.001837610973489,237653.2857142857,assembly
180,S. cerevisiae,4,ONT,5.0,9.633333333333333e-83,1.3623590650860817e-82,99.61233333333332,90.2532303739146,0.5482434576799683,5019,0,5660,248769,238090,0.9570726256084964,1.001837610973489,237653.2857142857,assembly
181,S. cerevisiae,5,ONT,5.0,9.633333333333333e-83,1.3623590650860817e-82,99.61233333333332,90.2532303739146,0.5482434576799683,8497,0,5890,319459,305072,0.9549644868355563,1.0053650755987926,303444.0,assembly
182,S. cerevisiae,5,ONT,5.0,9.633333333333333e-83,1.3623590650860817e-82,99.61233333333332,90.2532303739146,0.5482434576799683,8497,0,5890,319459,305072,0.9549644868355563,1.0053650755987926,303444.0,assembly
183,S. cerevisiae,5,ONT,5.0,9.633333333333333e-83,1.3623590650860817e-82,99.61233333333332,90.2532303739146,0.5482434576799683,8497,0,5890,319459,305072,0.9549644868355563,1.0053650755987926,303444.0,assembly
184,S. cerevisiae,6,ONT,5.0,9.633333333333333e-83,1.3623590650860817e-82,99.61233333333332,90.2532303739146,0.5482434576799683,0,0,16,566,550,0.9717314487632508,0.9825815096025012,559.75,assembly
185,S. cerevisiae,6,ONT,5.0,9.633333333333333e-83,1.3623590650860817e-82,99.61233333333332,90.2532303739146,0.5482434576799683,0,0,16,566,550,0.9717314487632508,0.9825815096025012,559.75,assembly
186,S. cerevisiae,6,ONT,5.0,9.633333333333333e-83,1.3623590650860817e-82,99.61233333333332,90.2532303739146,0.5482434576799683,0,0,16,566,550,0.9717314487632508,0.9825815096025012,559.75,assembly
187,S. cerevisiae,0,ONT,10.0,5.901408450704225e-31,4.937472550954615e-30,87.50960563380282,91.73326952396647,10.19317057404209,14649,0,3085,344045,326311,0.9484544173000624,1.0730163152171668,304106.28,assembly
188,S. cerevisiae,0,ONT,10.0,5.901408450704225e-31,4.937472550954615e-30,87.50960563380282,91.73326952396647,10.19317057404209,14649,0,3085,344045,326311,0.9484544173000624,1.0730163152171668,304106.28,assembly
189,S. cerevisiae,0,ONT,10.0,5.901408450704225e-31,4.937472550954615e-30,87.50960563380282,91.73326952396647,10.19317057404209,14649,0,3085,344045,326311,0.9484544173000624,1.0730163152171668,304106.28,assembly
190,S. cerevisiae,1,ONT,10.0,6.072463768115942e-31,5.0074819047356516e-30,87.4619275362319,91.76679020757015,10.30990200872596,17059,0,2131,366390,347200,0.947624116378722,1.0676839185106854,325189.875,assembly
191,S. cerevisiae,1,ONT,10.0,6.072463768115942e-31,5.0074819047356516e-30,87.4619275362319,91.76679020757015,10.30990200872596,17059,0,2131,366390,347200,0.947624116378722,1.0676839185106854,325189.875,assembly
192,S. cerevisiae,1,ONT,10.0,6.072463768115942e-31,5.0074819047356516e-30,87.4619275362319,91.76679020757015,10.30990200872596,17059,0,2131,366390,347200,0.947624116378722,1.0676839185106854,325189.875,assembly
193,S. cerevisiae,2,ONT,10.0,6.2537313432835825e-31,5.080555360511146e-30,86.90804477611941,91.22671446001884,10.08396920998105,13623,0,3292,350062,333147,0.9516799881163908,1.068824890000518,311694.65,assembly
194,S. cerevisiae,2,ONT,10.0,6.2537313432835825e-31,5.080555360511146e-30,86.90804477611941,91.22671446001884,10.08396920998105,13623,0,3292,350062,333147,0.9516799881163908,1.068824890000518,311694.65,assembly
195,S. cerevisiae,2,ONT,10.0,6.2537313432835825e-31,5.080555360511146e-30,86.90804477611941,91.22671446001884,10.08396920998105,13623,0,3292,350062,333147,0.9516799881163908,1.068824890000518,311694.65,assembly
196,S. cerevisiae,3,ONT,10.0,6.074188405797102e-31,5.0074611923442244e-30,86.54397101449277,90.30616649439854,10.309360668366597,80592,0,15557,389397,293248,0.7530823298587302,0.8407109837204169,348809.5263157895,assembly
197,S. cerevisiae,3,ONT,10.0,6.074188405797102e-31,5.0074611923442244e-30,86.54397101449277,90.30616649439854,10.309360668366597,80592,0,15557,389397,293248,0.7530823298587302,0.8407109837204169,348809.5263157895,assembly
198,S. cerevisiae,3,ONT,10.0,6.074188405797102e-31,5.0074611923442244e-30,86.54397101449277,90.30616649439854,10.309360668366597,80592,0,15557,389397,293248,0.7530823298587302,0.8407109837204169,348809.5263157895,assembly
199,S. cerevisiae,4,ONT,10.0,5.741356164383561e-31,4.870300020388321e-30,86.11165753424658,89.80571540444714,11.022287655323181,5126,0,5687,254571,243758,0.9575246198506508,1.005313181970296,242469.7142857143,assembly
200,S. cerevisiae,4,ONT,10.0,5.741356164383561e-31,4.870300020388321e-30,86.11165753424658,89.80571540444714,11.022287655323181,5126,0,5687,254571,243758,0.9575246198506508,1.005313181970296,242469.7142857143,assembly
201,S. cerevisiae,4,ONT,10.0,5.741356164383561e-31,4.870300020388321e-30,86.11165753424658,89.80571540444714,11.022287655323181,5126,0,5687,254571,243758,0.9575246198506508,1.005313181970296,242469.7142857143,assembly
202,S. cerevisiae,5,ONT,10.0,5.66377027027027e-31,4.837734845603274e-30,86.11901351351352,89.47650216603716,10.956494631401299,9516,0,5894,324556,309146,0.9525197500585416,1.004907309388033,307636.3333333333,assembly
203,S. cerevisiae,5,ONT,10.0,5.66377027027027e-31,4.837734845603274e-30,86.11901351351352,89.47650216603716,10.956494631401299,9516,0,5894,324556,309146,0.9525197500585416,1.004907309388033,307636.3333333333,assembly
204,S. cerevisiae,5,ONT,10.0,5.66377027027027e-31,4.837734845603274e-30,86.11901351351352,89.47650216603716,10.956494631401299,9516,0,5894,324556,309146,0.9525197500585416,1.004907309388033,307636.3333333333,assembly
205,S. cerevisiae,6,ONT,10.0,1.5252601830769233e-27,1.219684356703371e-26,85.6106,87.52947030875289,11.222160259333041,131,0,388,19907,19388,0.9739287687748028,0.991662830545752,19551.0,assembly
206,S. cerevisiae,6,ONT,10.0,1.5252601830769233e-27,1.219684356703371e-26,85.6106,87.52947030875289,11.222160259333041,131,0,388,19907,19388,0.9739287687748028,0.991662830545752,19551.0,assembly
207,S. cerevisiae,6,ONT,10.0,1.5252601830769233e-27,1.219684356703371e-26,85.6106,87.52947030875289,11.222160259333041,131,0,388,19907,19388,0.9739287687748028,0.991662830545752,19551.0,assembly
208,S. cerevisiae,0,ONT,20.0,5.901408450704225e-31,4.937472550954615e-30,87.50960563380282,91.73326952396648,10.19317057404209,31347,0,7072,344045,305626,0.8883314682672325,1.0049973318538503,304106.28,assembly
209,S. cerevisiae,0,ONT,20.0,5.901408450704225e-31,4.937472550954615e-30,87.50960563380282,91.73326952396648,10.19317057404209,31347,0,7072,344045,305626,0.8883314682672325,1.0049973318538503,304106.28,assembly
210,S. cerevisiae,0,ONT,20.0,5.901408450704225e-31,4.937472550954615e-30,87.50960563380282,91.73326952396648,10.19317057404209,31347,0,7072,344045,305626,0.8883314682672325,1.0049973318538503,304106.28,assembly
211,S. cerevisiae,1,ONT,20.0,6.072463768115942e-31,5.007481904735651e-30,87.4619275362319,91.76679020757015,10.30990200872596,33080,0,8242,366390,325068,0.8872185376238434,0.999625218958616,325189.875,assembly
212,S. cerevisiae,1,ONT,20.0,6.072463768115942e-31,5.007481904735651e-30,87.4619275362319,91.76679020757015,10.30990200872596,33080,0,8242,366390,325068,0.8872185376238434,0.999625218958616,325189.875,assembly
213,S. cerevisiae,1,ONT,20.0,6.072463768115942e-31,5.007481904735651e-30,87.4619275362319,91.76679020757015,10.30990200872596,33080,0,8242,366390,325068,0.8872185376238434,0.999625218958616,325189.875,assembly
214,S. cerevisiae,2,ONT,20.0,6.2537313432835825e-31,5.080555360511147e-30,86.9080447761194,91.22671446001885,10.08396920998105,13623,0,3292,350062,333147,0.9516799881163908,1.068824890000518,311694.65,assembly
215,S. cerevisiae,2,ONT,20.0,6.2537313432835825e-31,5.080555360511147e-30,86.9080447761194,91.22671446001885,10.08396920998105,13623,0,3292,350062,333147,0.9516799881163908,1.068824890000518,311694.65,assembly
216,S. cerevisiae,2,ONT,20.0,6.2537313432835825e-31,5.080555360511147e-30,86.9080447761194,91.22671446001885,10.08396920998105,13623,0,3292,350062,333147,0.9516799881163908,1.068824890000518,311694.65,assembly
217,S. cerevisiae,3,ONT,20.0,6.074188405797102e-31,5.007461192344223e-30,86.54397101449277,90.30616649439855,10.309360668366597,37590,0,14653,389397,337154,0.8658361517936707,0.9665848394712784,348809.5263157895,assembly
218,S. cerevisiae,3,ONT,20.0,6.074188405797102e-31,5.007461192344223e-30,86.54397101449277,90.30616649439855,10.309360668366597,37590,0,14653,389397,337154,0.8658361517936707,0.9665848394712784,348809.5263157895,assembly
219,S. cerevisiae,3,ONT,20.0,6.074188405797102e-31,5.007461192344223e-30,86.54397101449277,90.30616649439855,10.309360668366597,37590,0,14653,389397,337154,0.8658361517936707,0.9665848394712784,348809.5263157895,assembly
220,S. cerevisiae,4,ONT,20.0,5.741356164383561e-31,4.870300020388322e-30,86.11165753424656,89.80571540444714,11.022287655323181,5126,0,5687,254571,243758,0.9575246198506508,1.005313181970296,242469.7142857143,assembly
221,S. cerevisiae,4,ONT,20.0,5.741356164383561e-31,4.870300020388322e-30,86.11165753424656,89.80571540444714,11.022287655323181,5126,0,5687,254571,243758,0.9575246198506508,1.005313181970296,242469.7142857143,assembly
222,S. cerevisiae,4,ONT,20.0,5.741356164383561e-31,4.870300020388322e-30,86.11165753424656,89.80571540444714,11.022287655323181,5126,0,5687,254571,243758,0.9575246198506508,1.005313181970296,242469.7142857143,assembly
223,S. cerevisiae,5,ONT,20.0,5.66377027027027e-31,4.8377348456032734e-30,86.11901351351351,89.47650216603715,10.956494631401299,9516,0,5894,324556,309146,0.9525197500585416,1.004907309388033,307636.3333333333,assembly
224,S. cerevisiae,5,ONT,20.0,5.66377027027027e-31,4.8377348456032734e-30,86.11901351351351,89.47650216603715,10.956494631401299,9516,0,5894,324556,309146,0.9525197500585416,1.004907309388033,307636.3333333333,assembly
225,S. cerevisiae,5,ONT,20.0,5.66377027027027e-31,4.8377348456032734e-30,86.11901351351351,89.47650216603715,10.956494631401299,9516,0,5894,324556,309146,0.9525197500585416,1.004907309388033,307636.3333333333,assembly
226,S. cerevisiae,6,ONT,20.0,1.5252601830769231e-27,1.2196843567033709e-26,85.61059999999999,87.52947030875289,11.222160259333041,131,0,388,19907,19388,0.9739287687748028,0.991662830545752,19551.0,assembly
227,S. cerevisiae,6,ONT,20.0,1.5252601830769231e-27,1.2196843567033709e-26,85.61059999999999,87.52947030875289,11.222160259333041,131,0,388,19907,19388,0.9739287687748028,0.991662830545752,19551.0,assembly
228,S. cerevisiae,6,ONT,20.0,1.5252601830769231e-27,1.2196843567033709e-26,85.61059999999999,87.52947030875289,11.222160259333041,131,0,388,19907,19388,0.9739287687748028,0.991662830545752,19551.0,assembly
229,S. cerevisiae,0,PacBIO,5.0,,,,,,0,0,0,0,0,0.0,0.0,302954.44,assembly
230,S. cerevisiae,0,PacBIO,5.0,,,,,,0,0,0,0,0,0.0,0.0,302954.44,assembly
231,S. cerevisiae,0,PacBIO,5.0,,,,,,0,0,0,0,0,0.0,0.0,302954.44,assembly
232,S. cerevisiae,1,PacBIO,5.0,,,,,,0,0,0,0,0,0.0,0.0,323975.25,assembly
233,S. cerevisiae,1,PacBIO,5.0,,,,,,0,0,0,0,0,0.0,0.0,323975.25,assembly
234,S. cerevisiae,1,PacBIO,5.0,,,,,,0,0,0,0,0,0.0,0.0,323975.25,assembly
235,S. cerevisiae,2,PacBIO,5.0,,,,,,0,0,0,0,0,0.0,0.0,309314.15,assembly
236,S. cerevisiae,2,PacBIO,5.0,,,,,,0,0,0,0,0,0.0,0.0,309314.15,assembly
237,S. cerevisiae,2,PacBIO,5.0,,,,,,0,0,0,0,0,0.0,0.0,309314.15,assembly
238,S. cerevisiae,3,PacBIO,5.0,,,,,,0,0,0,0,0,0.0,0.0,346644.94736842107,assembly
239,S. cerevisiae,3,PacBIO,5.0,,,,,,0,0,0,0,0,0.0,0.0,346644.94736842107,assembly
240,S. cerevisiae,3,PacBIO,5.0,,,,,,0,0,0,0,0,0.0,0.0,346644.94736842107,assembly
241,S. cerevisiae,4,PacBIO,5.0,,,,,,0,0,0,0,0,0.0,0.0,237658.0,assembly
242,S. cerevisiae,4,PacBIO,5.0,,,,,,0,0,0,0,0,0.0,0.0,237658.0,assembly
243,S. cerevisiae,4,PacBIO,5.0,,,,,,0,0,0,0,0,0.0,0.0,237658.0,assembly
244,S. cerevisiae,5,PacBIO,5.0,,,,,,0,0,0,0,0,0.0,0.0,303444.8333333333,assembly
245,S. cerevisiae,5,PacBIO,5.0,,,,,,0,0,0,0,0,0.0,0.0,303444.8333333333,assembly
246,S. cerevisiae,5,PacBIO,5.0,,,,,,0,0,0,0,0,0.0,0.0,303444.8333333333,assembly
247,S. cerevisiae,0,PacBIO,10.0,1.1592564102786685e-60,7.1443522242001e-60,93.77820512820513,94.94701574116638,7.215807843181336,26626,0,6355,344360,311379,0.9042252294110814,1.0229958967015915,304379.52,assembly
248,S. cerevisiae,0,PacBIO,10.0,1.1592564102786685e-60,7.1443522242001e-60,93.77820512820513,94.94701574116638,7.215807843181336,26626,0,6355,344360,311379,0.9042252294110814,1.0229958967015915,304379.52,assembly
249,S. cerevisiae,0,PacBIO,10.0,1.1592564102786685e-60,7.1443522242001e-60,93.77820512820513,94.94701574116638,7.215807843181336,26626,0,6355,344360,311379,0.9042252294110814,1.0229958967015915,304379.52,assembly
250,S. cerevisiae,1,PacBIO,10.0,1.1592564102786685e-60,7.1443522242001e-60,93.77820512820513,94.94701574116638,7.215807843181336,17156,0,2138,366296,347002,0.9473267521348856,1.067447474529707,325076.4166666667,assembly
251,S. cerevisiae,1,PacBIO,10.0,1.1592564102786685e-60,7.1443522242001e-60,93.77820512820513,94.94701574116638,7.215807843181336,17156,0,2138,366296,347002,0.9473267521348856,1.067447474529707,325076.4166666667,assembly
252,S. cerevisiae,1,PacBIO,10.0,1.1592564102786685e-60,7.1443522242001e-60,93.77820512820513,94.94701574116638,7.215807843181336,17156,0,2138,366296,347002,0.9473267521348856,1.067447474529707,325076.4166666667,assembly
253,S. cerevisiae,2,PacBIO,10.0,3.3333335963839695e-64,1.8856180785140102e-63,93.17727272727272,93.83864988130046,7.32921316737974,13928,0,3298,349534,332308,0.950717240669005,1.0679362043189475,311168.4,assembly
254,S. cerevisiae,2,PacBIO,10.0,3.3333335963839695e-64,1.8856180785140102e-63,93.17727272727272,93.83864988130046,7.32921316737974,13928,0,3298,349534,332308,0.950717240669005,1.0679362043189475,311168.4,assembly
255,S. cerevisiae,2,PacBIO,10.0,3.3333335963839695e-64,1.8856180785140102e-63,93.17727272727272,93.83864988130046,7.32921316737974,13928,0,3298,349534,332308,0.950717240669005,1.0679362043189475,311168.4,assembly
256,S. cerevisiae,3,PacBIO,10.0,5.243243243243244e-22,3.1459459459459467e-21,93.09578378378379,94.81422372060187,7.4208256885064,37734,0,14654,389834,337446,0.8656145949301498,0.9669461871112932,348981.15789473685,assembly
257,S. cerevisiae,3,PacBIO,10.0,5.243243243243244e-22,3.1459459459459467e-21,93.09578378378379,94.81422372060187,7.4208256885064,37734,0,14654,389834,337446,0.8656145949301498,0.9669461871112932,348981.15789473685,assembly
258,S. cerevisiae,3,PacBIO,10.0,5.243243243243244e-22,3.1459459459459467e-21,93.09578378378379,94.81422372060187,7.4208256885064,37734,0,14654,389834,337446,0.8656145949301498,0.9669461871112932,348981.15789473685,assembly
259,S. cerevisiae,4,PacBIO,10.0,1.1894736842333996e-60,7.235285957087805e-60,94.26813157894736,95.1450652126645,7.1255235271044155,5166,0,5742,252254,241346,0.9567578710347509,1.0038742600579238,240414.57142857145,assembly
260,S. cerevisiae,4,PacBIO,10.0,1.1894736842333996e-60,7.235285957087805e-60,94.26813157894736,95.1450652126645,7.1255235271044155,5166,0,5742,252254,241346,0.9567578710347509,1.0038742600579238,240414.57142857145,assembly
261,S. cerevisiae,4,PacBIO,10.0,1.1894736842333996e-60,7.235285957087805e-60,94.26813157894736,95.1450652126645,7.1255235271044155,5166,0,5742,252254,241346,0.9567578710347509,1.0038742600579238,240414.57142857145,assembly
262,S. cerevisiae,5,PacBIO,10.0,1.1894736842333999e-60,7.235285957087805e-60,94.24592105263159,95.13692730104053,7.108918503066482,8662,0,5930,323181,308589,0.954848830840922,1.0068222304876375,306498.0,assembly
263,S. cerevisiae,5,PacBIO,10.0,1.1894736842333999e-60,7.235285957087805e-60,94.24592105263159,95.13692730104053,7.108918503066482,8662,0,5930,323181,308589,0.954848830840922,1.0068222304876375,306498.0,assembly
264,S. cerevisiae,5,PacBIO,10.0,1.1894736842333999e-60,7.235285957087805e-60,94.24592105263159,95.13692730104053,7.108918503066482,8662,0,5930,323181,308589,0.954848830840922,1.0068222304876375,306498.0,assembly
265,S. cerevisiae,6,PacBIO,10.0,6.258064516129032e-22,3.427683101806524e-21,92.5308064516129,94.48033826553734,8.334129059976542,0,0,107,8906,8799,0.9879856276667416,0.9972798367902074,8823.0,assembly
266,S. cerevisiae,6,PacBIO,10.0,6.258064516129032e-22,3.427683101806524e-21,92.5308064516129,94.48033826553734,8.334129059976542,0,0,107,8906,8799,0.9879856276667416,0.9972798367902074,8823.0,assembly
267,S. cerevisiae,6,PacBIO,10.0,6.258064516129032e-22,3.427683101806524e-21,92.5308064516129,94.48033826553734,8.334129059976542,0,0,107,8906,8799,0.9879856276667416,0.9972798367902074,8823.0,assembly
268,S. cerevisiae,0,PacBIO,20.0,3.538461538462932e-31,6.369230769230764e-30,96.80994461538461,97.27787827527106,5.493257134118877,24210,0,2733,354366,327423,0.9239684394101014,1.0455703821256173,313152.52,assembly
269,S. cerevisiae,0,PacBIO,20.0,3.538461538462932e-31,6.369230769230764e-30,96.80994461538461,97.27787827527106,5.493257134118877,24210,0,2733,354366,327423,0.9239684394101014,1.0455703821256173,313152.52,assembly
270,S. cerevisiae,0,PacBIO,20.0,3.538461538462932e-31,6.369230769230764e-30,96.80994461538461,97.27787827527106,5.493257134118877,24210,0,2733,354366,327423,0.9239684394101014,1.0455703821256173,313152.52,assembly
271,S. cerevisiae,1,PacBIO,20.0,3.463855421688111e-31,6.3019325929094194e-30,96.84197289156626,97.32888593725384,5.448075825561935,20361,0,3656,376469,352452,0.9362045746130492,1.0561600307851395,333710.7916666667,assembly
272,S. cerevisiae,1,PacBIO,20.0,3.463855421688111e-31,6.3019325929094194e-30,96.84197289156626,97.32888593725384,5.448075825561935,20361,0,3656,376469,352452,0.9362045746130492,1.0561600307851395,333710.7916666667,assembly
273,S. cerevisiae,1,PacBIO,20.0,3.463855421688111e-31,6.3019325929094194e-30,96.84197289156626,97.32888593725384,5.448075825561935,20361,0,3656,376469,352452,0.9362045746130492,1.0561600307851395,333710.7916666667,assembly
274,S. cerevisiae,2,PacBIO,20.0,3.697749196142935e-31,6.510559289680975e-30,96.83155627009647,97.25473833623963,5.4099531277918125,89822,0,14525,363329,258982,0.7128029967329885,0.8030549216114309,322496.0,assembly
275,S. cerevisiae,2,PacBIO,20.0,3.697749196142935e-31,6.510559289680975e-30,96.83155627009647,97.25473833623963,5.4099531277918125,89822,0,14525,363329,258982,0.7128029967329885,0.8030549216114309,322496.0,assembly
276,S. cerevisiae,2,PacBIO,20.0,3.697749196142935e-31,6.510559289680975e-30,96.83155627009647,97.25473833623963,5.4099531277918125,89822,0,14525,363329,258982,0.7128029967329885,0.8030549216114309,322496.0,assembly
277,S. cerevisiae,3,PacBIO,20.0,3.593750000001415e-31,6.41864273887984e-30,96.73686875000001,97.34407833492924,5.482117005685252,41695,0,14402,401230,345133,0.8601874236722079,0.962973650388624,358403.36842105264,assembly
278,S. cerevisiae,3,PacBIO,20.0,3.593750000001415e-31,6.41864273887984e-30,96.73686875000001,97.34407833492924,5.482117005685252,41695,0,14402,401230,345133,0.8601874236722079,0.962973650388624,358403.36842105264,assembly
279,S. cerevisiae,3,PacBIO,20.0,3.593750000001415e-31,6.41864273887984e-30,96.73686875000001,97.34407833492924,5.482117005685252,41695,0,14402,401230,345133,0.8601874236722079,0.962973650388624,358403.36842105264,assembly
280,S. cerevisiae,4,PacBIO,20.0,3.443113772456446e-31,6.2830930327930615e-30,96.84598203592813,97.06337856144285,5.287845999181003,8048,0,6280,295500,281172,0.95151269035533,1.0223560058488494,275023.5714285714,assembly
281,S. cerevisiae,4,PacBIO,20.0,3.443113772456446e-31,6.2830930327930615e-30,96.84598203592813,97.06337856144285,5.287845999181003,8048,0,6280,295500,281172,0.95151269035533,1.0223560058488494,275023.5714285714,assembly
282,S. cerevisiae,4,PacBIO,20.0,3.443113772456446e-31,6.2830930327930615e-30,96.84598203592813,97.06337856144285,5.287845999181003,8048,0,6280,295500,281172,0.95151269035533,1.0223560058488494,275023.5714285714,assembly
283,S. cerevisiae,5,PacBIO,20.0,3.2763532763545663e-31,6.129495719074113e-30,96.9171339031339,97.16976818766528,5.22353629294584,18043,0,6469,365677,341165,0.9329681658950384,1.0037822228172044,339879.5,assembly
284,S. cerevisiae,5,PacBIO,20.0,3.2763532763545663e-31,6.129495719074113e-30,96.9171339031339,97.16976818766528,5.22353629294584,18043,0,6469,365677,341165,0.9329681658950384,1.0037822228172044,339879.5,assembly
285,S. cerevisiae,5,PacBIO,20.0,3.2763532763545663e-31,6.129495719074113e-30,96.9171339031339,97.16976818766528,5.22353629294584,18043,0,6469,365677,341165,0.9329681658950384,1.0037822228172044,339879.5,assembly
286,S. cerevisiae,6,PacBIO,20.0,4.600000000001812e-31,7.258677565507359e-30,96.962856,96.6070200493666,5.084355357689311,567,0,1830,97814,95417,0.9754943055186374,0.9945486762559932,95940.0,assembly
287,S. cerevisiae,6,PacBIO,20.0,4.600000000001812e-31,7.258677565507359e-30,96.962856,96.6070200493666,5.084355357689311,567,0,1830,97814,95417,0.9754943055186374,0.9945486762559932,95940.0,assembly
288,S. cerevisiae,6,PacBIO,20.0,4.600000000001812e-31,7.258677565507359e-30,96.962856,96.6070200493666,5.084355357689311,567,0,1830,97814,95417,0.9754943055186374,0.9945486762559932,95940.0,assembly
